#
# There is insufficient memory for the Java Runtime Environment to continue.
# Native memory allocation (malloc) failed to allocate 1621936 bytes. Error detail: Chunk::new
# Possible reasons:
#   The system is out of physical RAM or swap space
#   This process is running with CompressedOops enabled, and the Java Heap may be blocking the growth of the native heap
# Possible solutions:
#   Reduce memory load on the system
#   Increase physical memory or swap space
#   Check if swap backing store is full
#   Decrease Java heap size (-Xmx/-Xms)
#   Decrease number of Java threads
#   Decrease Java thread stack sizes (-Xss)
#   Set larger code cache with -XX:ReservedCodeCacheSize=
#   JVM is running with Unscaled Compressed Oops mode in which the Java heap is
#     placed in the first 4GB address space. The Java Heap base address is the
#     maximum limit for the native heap growth. Please use -XX:HeapBaseMinAddress
#     to set the Java Heap base and to place the Java Heap above 4GB virtual address.
# This output file may be truncated or incomplete.
#
#  Out of Memory Error (arena.cpp:168), pid=1000, tid=35304
#
# JRE version: OpenJDK Runtime Environment (21.0.8) (build 21.0.8+-14018985-b1038.68)
# Java VM: OpenJDK 64-Bit Server VM (21.0.8+-14018985-b1038.68, mixed mode, tiered, compressed oops, compressed class ptrs, g1 gc, windows-amd64)
# No core dump will be written. Minidumps are not enabled by default on client versions of Windows
#

---------------  S U M M A R Y ------------

Command Line: --add-opens=java.base/java.lang=ALL-UNNAMED --add-opens=java.base/java.lang.invoke=ALL-UNNAMED --add-opens=java.base/java.util=ALL-UNNAMED --add-opens=java.prefs/java.util.prefs=ALL-UNNAMED --add-exports=jdk.compiler/com.sun.tools.javac.api=ALL-UNNAMED --add-exports=jdk.compiler/com.sun.tools.javac.util=ALL-UNNAMED --add-opens=java.base/java.util=ALL-UNNAMED --add-opens=java.prefs/java.util.prefs=ALL-UNNAMED --add-opens=java.base/java.nio.charset=ALL-UNNAMED --add-opens=java.base/java.net=ALL-UNNAMED --add-opens=java.base/java.util.concurrent.atomic=ALL-UNNAMED --add-opens=java.xml/javax.xml.namespace=ALL-UNNAMED -Xmx2048m -Dfile.encoding=UTF-8 -Duser.country=FR -Duser.language=fr -Duser.variant -javaagent:C:\Users\maliz\.gradle\wrapper\dists\gradle-8.13-bin\5xuhj0ry160q40clulazy9h7d\gradle-8.13\lib\agents\gradle-instrumentation-agent-8.13.jar org.gradle.launcher.daemon.bootstrap.GradleDaemon 8.13

Host: AMD Ryzen 5 5500U with Radeon Graphics         , 12 cores, 7G,  Windows 11 , 64 bit Build 26100 (10.0.26100.7019)
Time: Mon Nov 17 09:17:46 2025 Paris, Madrid elapsed time: 31.553538 seconds (0d 0h 0m 31s)

---------------  T H R E A D  ---------------

Current thread (0x0000024e840ca420):  JavaThread "C2 CompilerThread0" daemon [_thread_in_native, id=35304, stack(0x00000085b9e00000,0x00000085b9f00000) (1024K)]


Current CompileTask:
C2:31553 16256       4       org.gradle.internal.instantiation.generator.AbstractClassGenerator::inspectType (602 bytes)

Stack: [0x00000085b9e00000,0x00000085b9f00000]
Native frames: (J=compiled Java code, j=interpreted, Vv=VM code, C=native code)
V  [jvm.dll+0x6d68d9]
V  [jvm.dll+0x866693]
V  [jvm.dll+0x868c4e]
V  [jvm.dll+0x869333]
V  [jvm.dll+0x280566]
V  [jvm.dll+0xc07cd]
V  [jvm.dll+0xc0d03]
V  [jvm.dll+0x3b95e1]
V  [jvm.dll+0x1dfb24]
V  [jvm.dll+0x2493a4]
V  [jvm.dll+0x248821]
V  [jvm.dll+0x1c73a4]
V  [jvm.dll+0x257f9e]
V  [jvm.dll+0x2564e6]
V  [jvm.dll+0x3f4696]
V  [jvm.dll+0x80eac8]
V  [jvm.dll+0x6d512d]
C  [ucrtbase.dll+0x37b0]
C  [KERNEL32.DLL+0x2e8d7]
C  [ntdll.dll+0x8c53c]


---------------  P R O C E S S  ---------------

Threads class SMR info:
_java_thread_list=0x0000024e85012160, length=100, elements={
0x0000024ee1177020, 0x0000024e84069750, 0x0000024e84075ef0, 0x0000024e8407ec90,
0x0000024e84091070, 0x0000024e840b5c60, 0x0000024e840b62d0, 0x0000024e840b6940,
0x0000024e840ca420, 0x0000024e840caad0, 0x0000024e843acb00, 0x0000024e85d39fe0,
0x0000024e85e2b560, 0x0000024e85d6db40, 0x0000024e85e9da00, 0x0000024e85e9e070,
0x0000024e85c9ccb0, 0x0000024e85c9d320, 0x0000024e85f264e0, 0x0000024e85f24aa0,
0x0000024e85f25130, 0x0000024e85f23060, 0x0000024e85f25e50, 0x0000024e85f24410,
0x0000024e85f257c0, 0x0000024e85f236f0, 0x0000024e87ddcff0, 0x0000024e87ddc960,
0x0000024e87ddd680, 0x0000024e87ddf0c0, 0x0000024e87dddd10, 0x0000024e87dde3a0,
0x0000024e87ddea30, 0x0000024e87ddbc40, 0x0000024e87ddf750, 0x0000024e87ddc2d0,
0x0000024e87ddfde0, 0x0000024e87de1190, 0x0000024e87de2540, 0x0000024e87de1820,
0x0000024e87de3260, 0x0000024e87de0b00, 0x0000024e87de0470, 0x0000024e87de2bd0,
0x0000024e8782f060, 0x0000024e8782e340, 0x0000024e8782c270, 0x0000024e8782f6f0,
0x0000024e8782dcb0, 0x0000024e8782fd80, 0x0000024e8782c900, 0x0000024e87830410,
0x0000024e87830aa0, 0x0000024e878317c0, 0x0000024e87831e50, 0x0000024e87831130,
0x0000024e8782e9d0, 0x0000024e87833200, 0x0000024e878324e0, 0x0000024e87832b70,
0x0000024e87833890, 0x0000024e881d6110, 0x0000024e881d3320, 0x0000024e881d53f0,
0x0000024e881d2c90, 0x0000024e93c68940, 0x0000024e93c68fd0, 0x0000024e93c661e0,
0x0000024e93c67c20, 0x0000024e93c66870, 0x0000024e93c66f00, 0x0000024e93c65b50,
0x0000024e93c6aa10, 0x0000024e93c67590, 0x0000024e93c6c450, 0x0000024e93c69cf0,
0x0000024e93c6a380, 0x0000024e93c6b730, 0x0000024e93c6bdc0, 0x0000024e93c69660,
0x0000024e93c6b0a0, 0x0000024e93c6cae0, 0x0000024e93c6d170, 0x0000024e88aea670,
0x0000024e88aeba20, 0x0000024e88aec0b0, 0x0000024e88aec740, 0x0000024e88aedaf0,
0x0000024e88aead00, 0x0000024e88aee810, 0x0000024e88aeb390, 0x0000024e88af08e0,
0x0000024e88af0250, 0x0000024e88aeeea0, 0x0000024e88af0f70, 0x0000024e88af1c90,
0x0000024e88aef530, 0x0000024e88af1600, 0x0000024e93c682b0, 0x0000024e9532e700
}

Java Threads: ( => current thread )
  0x0000024ee1177020 JavaThread "main"                              [_thread_blocked, id=32340, stack(0x00000085b8f00000,0x00000085b9000000) (1024K)]
  0x0000024e84069750 JavaThread "Common-Cleaner"             daemon [_thread_blocked, id=4844, stack(0x00000085b9700000,0x00000085b9800000) (1024K)]
  0x0000024e84075ef0 JavaThread "Reference Handler"          daemon [_thread_blocked, id=19160, stack(0x00000085b9800000,0x00000085b9900000) (1024K)]
  0x0000024e8407ec90 JavaThread "Finalizer"                  daemon [_thread_blocked, id=7008, stack(0x00000085b9900000,0x00000085b9a00000) (1024K)]
  0x0000024e84091070 JavaThread "Signal Dispatcher"          daemon [_thread_blocked, id=31616, stack(0x00000085b9a00000,0x00000085b9b00000) (1024K)]
  0x0000024e840b5c60 JavaThread "Attach Listener"            daemon [_thread_blocked, id=17312, stack(0x00000085b9b00000,0x00000085b9c00000) (1024K)]
  0x0000024e840b62d0 JavaThread "Service Thread"             daemon [_thread_blocked, id=23120, stack(0x00000085b9c00000,0x00000085b9d00000) (1024K)]
  0x0000024e840b6940 JavaThread "Monitor Deflation Thread"   daemon [_thread_blocked, id=35352, stack(0x00000085b9d00000,0x00000085b9e00000) (1024K)]
=>0x0000024e840ca420 JavaThread "C2 CompilerThread0"         daemon [_thread_in_native, id=35304, stack(0x00000085b9e00000,0x00000085b9f00000) (1024K)]
  0x0000024e840caad0 JavaThread "C1 CompilerThread0"         daemon [_thread_blocked, id=34784, stack(0x00000085b9f00000,0x00000085ba000000) (1024K)]
  0x0000024e843acb00 JavaThread "Notification Thread"        daemon [_thread_blocked, id=32520, stack(0x00000085ba000000,0x00000085ba100000) (1024K)]
  0x0000024e85d39fe0 JavaThread "Daemon health stats"               [_thread_blocked, id=31700, stack(0x00000085baa00000,0x00000085bab00000) (1024K)]
  0x0000024e85e2b560 JavaThread "Incoming local TCP Connector on port 56691"        [_thread_in_native, id=14392, stack(0x00000085bab00000,0x00000085bac00000) (1024K)]
  0x0000024e85d6db40 JavaThread "Daemon periodic checks"            [_thread_blocked, id=31532, stack(0x00000085bac00000,0x00000085bad00000) (1024K)]
  0x0000024e85e9da00 JavaThread "Daemon"                            [_thread_blocked, id=24160, stack(0x00000085bad00000,0x00000085bae00000) (1024K)]
  0x0000024e85e9e070 JavaThread "Handler for socket connection from /127.0.0.1:56691 to /127.0.0.1:56692"        [_thread_in_native, id=7456, stack(0x00000085bae00000,0x00000085baf00000) (1024K)]
  0x0000024e85c9ccb0 JavaThread "Cancel handler"                    [_thread_blocked, id=23768, stack(0x00000085baf00000,0x00000085bb000000) (1024K)]
  0x0000024e85c9d320 JavaThread "Daemon worker"                     [_thread_in_Java, id=25248, stack(0x00000085bb000000,0x00000085bb100000) (1024K)]
  0x0000024e85f264e0 JavaThread "Asynchronous log dispatcher for DefaultDaemonConnection: socket connection from /127.0.0.1:56691 to /127.0.0.1:56692"        [_thread_blocked, id=28720, stack(0x00000085bb100000,0x00000085bb200000) (1024K)]
  0x0000024e85f24aa0 JavaThread "Stdin handler"                     [_thread_blocked, id=32300, stack(0x00000085bb500000,0x00000085bb600000) (1024K)]
  0x0000024e85f25130 JavaThread "Daemon client event forwarder"        [_thread_blocked, id=31484, stack(0x00000085bb600000,0x00000085bb700000) (1024K)]
  0x0000024e85f23060 JavaThread "Cache worker for journal cache (C:\Users\maliz\.gradle\caches\journal-1)"        [_thread_blocked, id=34340, stack(0x00000085bb700000,0x00000085bb800000) (1024K)]
  0x0000024e85f25e50 JavaThread "File lock request listener"        [_thread_in_native, id=35268, stack(0x00000085bb800000,0x00000085bb900000) (1024K)]
  0x0000024e85f24410 JavaThread "Cache worker for file hash cache (C:\Users\maliz\.gradle\caches\8.13\fileHashes)"        [_thread_blocked, id=34100, stack(0x00000085bb900000,0x00000085bba00000) (1024K)]
  0x0000024e85f257c0 JavaThread "Cache worker for file hash cache (C:\Users\maliz\AndroidStudioProjects\Jeux\.gradle\8.13\fileHashes)"        [_thread_blocked, id=31104, stack(0x00000085bbb00000,0x00000085bbc00000) (1024K)]
  0x0000024e85f236f0 JavaThread "Cache worker for Build Output Cleanup Cache (C:\Users\maliz\AndroidStudioProjects\Jeux\.gradle\buildOutputCleanup)"        [_thread_blocked, id=13096, stack(0x00000085bbc00000,0x00000085bbd00000) (1024K)]
  0x0000024e87ddcff0 JavaThread "File watcher server"        daemon [_thread_in_native, id=24380, stack(0x00000085bbd00000,0x00000085bbe00000) (1024K)]
  0x0000024e87ddc960 JavaThread "File watcher consumer"      daemon [_thread_blocked, id=30456, stack(0x00000085bbe00000,0x00000085bbf00000) (1024K)]
  0x0000024e87ddd680 JavaThread "jar transforms"                    [_thread_blocked, id=9068, stack(0x00000085bbf00000,0x00000085bc000000) (1024K)]
  0x0000024e87ddf0c0 JavaThread "jar transforms Thread 2"           [_thread_blocked, id=30236, stack(0x00000085bc000000,0x00000085bc100000) (1024K)]
  0x0000024e87dddd10 JavaThread "jar transforms Thread 3"           [_thread_blocked, id=20436, stack(0x00000085bc100000,0x00000085bc200000) (1024K)]
  0x0000024e87dde3a0 JavaThread "jar transforms Thread 4"           [_thread_blocked, id=23560, stack(0x00000085bc200000,0x00000085bc300000) (1024K)]
  0x0000024e87ddea30 JavaThread "jar transforms Thread 5"           [_thread_blocked, id=26008, stack(0x00000085bc300000,0x00000085bc400000) (1024K)]
  0x0000024e87ddbc40 JavaThread "jar transforms Thread 6"           [_thread_blocked, id=24688, stack(0x00000085bc400000,0x00000085bc500000) (1024K)]
  0x0000024e87ddf750 JavaThread "jar transforms Thread 7"           [_thread_blocked, id=20928, stack(0x00000085bc500000,0x00000085bc600000) (1024K)]
  0x0000024e87ddc2d0 JavaThread "jar transforms Thread 8"           [_thread_blocked, id=10828, stack(0x00000085bc600000,0x00000085bc700000) (1024K)]
  0x0000024e87ddfde0 JavaThread "jar transforms Thread 9"           [_thread_blocked, id=24724, stack(0x00000085bc700000,0x00000085bc800000) (1024K)]
  0x0000024e87de1190 JavaThread "jar transforms Thread 10"          [_thread_blocked, id=30944, stack(0x00000085bc800000,0x00000085bc900000) (1024K)]
  0x0000024e87de2540 JavaThread "jar transforms Thread 11"          [_thread_blocked, id=30376, stack(0x00000085bc900000,0x00000085bca00000) (1024K)]
  0x0000024e87de1820 JavaThread "jar transforms Thread 12"          [_thread_blocked, id=24580, stack(0x00000085bca00000,0x00000085bcb00000) (1024K)]
  0x0000024e87de3260 JavaThread "Cache worker for checksums cache (C:\Users\maliz\AndroidStudioProjects\Jeux\.gradle\8.13\checksums)"        [_thread_blocked, id=26216, stack(0x00000085bcb00000,0x00000085bcc00000) (1024K)]
  0x0000024e87de0b00 JavaThread "Cache worker for file content cache (C:\Users\maliz\.gradle\caches\8.13\fileContent)"        [_thread_blocked, id=12396, stack(0x00000085bcc00000,0x00000085bcd00000) (1024K)]
  0x0000024e87de0470 JavaThread "Cache worker for cache directory md-supplier (C:\Users\maliz\.gradle\caches\8.13\md-supplier)"        [_thread_blocked, id=9808, stack(0x00000085bcd00000,0x00000085bce00000) (1024K)]
  0x0000024e87de2bd0 JavaThread "Cache worker for cache directory md-rule (C:\Users\maliz\.gradle\caches\8.13\md-rule)"        [_thread_blocked, id=23520, stack(0x00000085bce00000,0x00000085bcf00000) (1024K)]
  0x0000024e8782f060 JavaThread "Unconstrained build operations"        [_thread_blocked, id=9864, stack(0x00000085ba100000,0x00000085ba200000) (1024K)]
  0x0000024e8782e340 JavaThread "Unconstrained build operations Thread 2"        [_thread_blocked, id=2488, stack(0x00000085bba00000,0x00000085bbb00000) (1024K)]
  0x0000024e8782c270 JavaThread "Unconstrained build operations Thread 3"        [_thread_blocked, id=22308, stack(0x00000085bcf00000,0x00000085bd000000) (1024K)]
  0x0000024e8782f6f0 JavaThread "Unconstrained build operations Thread 4"        [_thread_blocked, id=28384, stack(0x00000085bd000000,0x00000085bd100000) (1024K)]
  0x0000024e8782dcb0 JavaThread "Unconstrained build operations Thread 5"        [_thread_blocked, id=23432, stack(0x00000085bd300000,0x00000085bd400000) (1024K)]
  0x0000024e8782fd80 JavaThread "Unconstrained build operations Thread 6"        [_thread_blocked, id=30268, stack(0x00000085bd400000,0x00000085bd500000) (1024K)]
  0x0000024e8782c900 JavaThread "Unconstrained build operations Thread 7"        [_thread_blocked, id=21276, stack(0x00000085bd500000,0x00000085bd600000) (1024K)]
  0x0000024e87830410 JavaThread "Unconstrained build operations Thread 8"        [_thread_blocked, id=10400, stack(0x00000085bd600000,0x00000085bd700000) (1024K)]
  0x0000024e87830aa0 JavaThread "Unconstrained build operations Thread 9"        [_thread_blocked, id=13496, stack(0x00000085bd700000,0x00000085bd800000) (1024K)]
  0x0000024e878317c0 JavaThread "Unconstrained build operations Thread 10"        [_thread_blocked, id=33644, stack(0x00000085bd800000,0x00000085bd900000) (1024K)]
  0x0000024e87831e50 JavaThread "Unconstrained build operations Thread 11"        [_thread_blocked, id=9044, stack(0x00000085bd900000,0x00000085bda00000) (1024K)]
  0x0000024e87831130 JavaThread "Unconstrained build operations Thread 12"        [_thread_blocked, id=23600, stack(0x00000085bda00000,0x00000085bdb00000) (1024K)]
  0x0000024e8782e9d0 JavaThread "Unconstrained build operations Thread 13"        [_thread_blocked, id=33424, stack(0x00000085bdb00000,0x00000085bdc00000) (1024K)]
  0x0000024e87833200 JavaThread "Unconstrained build operations Thread 14"        [_thread_blocked, id=35344, stack(0x00000085bdc00000,0x00000085bdd00000) (1024K)]
  0x0000024e878324e0 JavaThread "Unconstrained build operations Thread 15"        [_thread_blocked, id=3876, stack(0x00000085bdd00000,0x00000085bde00000) (1024K)]
  0x0000024e87832b70 JavaThread "Unconstrained build operations Thread 16"        [_thread_blocked, id=21476, stack(0x00000085bde00000,0x00000085bdf00000) (1024K)]
  0x0000024e87833890 JavaThread "Unconstrained build operations Thread 17"        [_thread_blocked, id=24136, stack(0x00000085bdf00000,0x00000085be000000) (1024K)]
  0x0000024e881d6110 JavaThread "Unconstrained build operations Thread 18"        [_thread_blocked, id=27996, stack(0x00000085be000000,0x00000085be100000) (1024K)]
  0x0000024e881d3320 JavaThread "Unconstrained build operations Thread 19"        [_thread_blocked, id=25728, stack(0x00000085be100000,0x00000085be200000) (1024K)]
  0x0000024e881d53f0 JavaThread "Unconstrained build operations Thread 20"        [_thread_blocked, id=29184, stack(0x00000085be200000,0x00000085be300000) (1024K)]
  0x0000024e881d2c90 JavaThread "Unconstrained build operations Thread 21"        [_thread_blocked, id=34148, stack(0x00000085be300000,0x00000085be400000) (1024K)]
  0x0000024e93c68940 JavaThread "Unconstrained build operations Thread 22"        [_thread_blocked, id=14404, stack(0x00000085bd100000,0x00000085bd200000) (1024K)]
  0x0000024e93c68fd0 JavaThread "Unconstrained build operations Thread 23"        [_thread_blocked, id=33248, stack(0x00000085be400000,0x00000085be500000) (1024K)]
  0x0000024e93c661e0 JavaThread "Unconstrained build operations Thread 24"        [_thread_blocked, id=35564, stack(0x00000085be500000,0x00000085be600000) (1024K)]
  0x0000024e93c67c20 JavaThread "Unconstrained build operations Thread 25"        [_thread_blocked, id=12044, stack(0x00000085be600000,0x00000085be700000) (1024K)]
  0x0000024e93c66870 JavaThread "Unconstrained build operations Thread 26"        [_thread_blocked, id=34508, stack(0x00000085be700000,0x00000085be800000) (1024K)]
  0x0000024e93c66f00 JavaThread "Unconstrained build operations Thread 27"        [_thread_blocked, id=35608, stack(0x00000085be800000,0x00000085be900000) (1024K)]
  0x0000024e93c65b50 JavaThread "Unconstrained build operations Thread 28"        [_thread_blocked, id=8272, stack(0x00000085be900000,0x00000085bea00000) (1024K)]
  0x0000024e93c6aa10 JavaThread "Unconstrained build operations Thread 29"        [_thread_blocked, id=23148, stack(0x00000085bea00000,0x00000085beb00000) (1024K)]
  0x0000024e93c67590 JavaThread "Unconstrained build operations Thread 30"        [_thread_blocked, id=24872, stack(0x00000085beb00000,0x00000085bec00000) (1024K)]
  0x0000024e93c6c450 JavaThread "Unconstrained build operations Thread 31"        [_thread_blocked, id=35748, stack(0x00000085bec00000,0x00000085bed00000) (1024K)]
  0x0000024e93c69cf0 JavaThread "Unconstrained build operations Thread 32"        [_thread_blocked, id=30732, stack(0x00000085bed00000,0x00000085bee00000) (1024K)]
  0x0000024e93c6a380 JavaThread "Unconstrained build operations Thread 33"        [_thread_blocked, id=31948, stack(0x00000085bef00000,0x00000085bf000000) (1024K)]
  0x0000024e93c6b730 JavaThread "Unconstrained build operations Thread 34"        [_thread_blocked, id=32188, stack(0x00000085bf000000,0x00000085bf100000) (1024K)]
  0x0000024e93c6bdc0 JavaThread "Unconstrained build operations Thread 35"        [_thread_blocked, id=11716, stack(0x00000085bf100000,0x00000085bf200000) (1024K)]
  0x0000024e93c69660 JavaThread "Unconstrained build operations Thread 36"        [_thread_blocked, id=27400, stack(0x00000085bf200000,0x00000085bf300000) (1024K)]
  0x0000024e93c6b0a0 JavaThread "Unconstrained build operations Thread 37"        [_thread_blocked, id=15564, stack(0x00000085bf300000,0x00000085bf400000) (1024K)]
  0x0000024e93c6cae0 JavaThread "Unconstrained build operations Thread 38"        [_thread_blocked, id=31452, stack(0x00000085bf400000,0x00000085bf500000) (1024K)]
  0x0000024e93c6d170 JavaThread "Unconstrained build operations Thread 39"        [_thread_blocked, id=5856, stack(0x00000085bf500000,0x00000085bf600000) (1024K)]
  0x0000024e88aea670 JavaThread "Unconstrained build operations Thread 40"        [_thread_blocked, id=30524, stack(0x00000085bf600000,0x00000085bf700000) (1024K)]
  0x0000024e88aeba20 JavaThread "Unconstrained build operations Thread 41"        [_thread_blocked, id=23380, stack(0x00000085bf700000,0x00000085bf800000) (1024K)]
  0x0000024e88aec0b0 JavaThread "Unconstrained build operations Thread 42"        [_thread_blocked, id=7224, stack(0x00000085bf800000,0x00000085bf900000) (1024K)]
  0x0000024e88aec740 JavaThread "Unconstrained build operations Thread 43"        [_thread_blocked, id=696, stack(0x00000085bf900000,0x00000085bfa00000) (1024K)]
  0x0000024e88aedaf0 JavaThread "Unconstrained build operations Thread 44"        [_thread_blocked, id=21244, stack(0x00000085bfa00000,0x00000085bfb00000) (1024K)]
  0x0000024e88aead00 JavaThread "Unconstrained build operations Thread 45"        [_thread_blocked, id=27972, stack(0x00000085bfb00000,0x00000085bfc00000) (1024K)]
  0x0000024e88aee810 JavaThread "Unconstrained build operations Thread 46"        [_thread_blocked, id=18892, stack(0x00000085bfc00000,0x00000085bfd00000) (1024K)]
  0x0000024e88aeb390 JavaThread "Unconstrained build operations Thread 47"        [_thread_blocked, id=24712, stack(0x00000085bfd00000,0x00000085bfe00000) (1024K)]
  0x0000024e88af08e0 JavaThread "Unconstrained build operations Thread 48"        [_thread_blocked, id=28148, stack(0x00000085bfe00000,0x00000085bff00000) (1024K)]
  0x0000024e88af0250 JavaThread "Unconstrained build operations Thread 49"        [_thread_blocked, id=30012, stack(0x00000085bff00000,0x00000085c0000000) (1024K)]
  0x0000024e88aeeea0 JavaThread "Unconstrained build operations Thread 50"        [_thread_blocked, id=20540, stack(0x00000085c0000000,0x00000085c0100000) (1024K)]
  0x0000024e88af0f70 JavaThread "Unconstrained build operations Thread 51"        [_thread_blocked, id=29052, stack(0x00000085c0100000,0x00000085c0200000) (1024K)]
  0x0000024e88af1c90 JavaThread "Unconstrained build operations Thread 52"        [_thread_blocked, id=17696, stack(0x00000085c0200000,0x00000085c0300000) (1024K)]
  0x0000024e88aef530 JavaThread "Unconstrained build operations Thread 53"        [_thread_blocked, id=30272, stack(0x00000085c0300000,0x00000085c0400000) (1024K)]
  0x0000024e88af1600 JavaThread "Unconstrained build operations Thread 54"        [_thread_blocked, id=15668, stack(0x00000085c0400000,0x00000085c0500000) (1024K)]
  0x0000024e93c682b0 JavaThread "Memory manager"                    [_thread_blocked, id=22284, stack(0x00000085c0600000,0x00000085c0700000) (1024K)]
  0x0000024e9532e700 JavaThread "C2 CompilerThread1"         daemon [_thread_blocked, id=1132, stack(0x00000085b8c00000,0x00000085b8d00000) (1024K)]
Total: 100

Other Threads:
  0x0000024efb11d8f0 VMThread "VM Thread"                           [id=19512, stack(0x00000085b9600000,0x00000085b9700000) (1024K)]
  0x0000024efb0a4d60 WatcherThread "VM Periodic Task Thread"        [id=12540, stack(0x00000085b9500000,0x00000085b9600000) (1024K)]
  0x0000024ee3614380 WorkerThread "GC Thread#0"                     [id=11748, stack(0x00000085b9000000,0x00000085b9100000) (1024K)]
  0x0000024e84846630 WorkerThread "GC Thread#1"                     [id=33412, stack(0x00000085ba300000,0x00000085ba400000) (1024K)]
  0x0000024e84565bc0 WorkerThread "GC Thread#2"                     [id=11872, stack(0x00000085ba400000,0x00000085ba500000) (1024K)]
  0x0000024e85215d00 WorkerThread "GC Thread#3"                     [id=35292, stack(0x00000085ba500000,0x00000085ba600000) (1024K)]
  0x0000024e84fc0f90 WorkerThread "GC Thread#4"                     [id=34432, stack(0x00000085ba600000,0x00000085ba700000) (1024K)]
  0x0000024e85634db0 WorkerThread "GC Thread#5"                     [id=29248, stack(0x00000085ba200000,0x00000085ba300000) (1024K)]
  0x0000024e85635150 WorkerThread "GC Thread#6"                     [id=29672, stack(0x00000085ba700000,0x00000085ba800000) (1024K)]
  0x0000024e856354f0 WorkerThread "GC Thread#7"                     [id=28496, stack(0x00000085ba800000,0x00000085ba900000) (1024K)]
  0x0000024e85635890 WorkerThread "GC Thread#8"                     [id=28424, stack(0x00000085ba900000,0x00000085baa00000) (1024K)]
  0x0000024e85d39240 WorkerThread "GC Thread#9"                     [id=29748, stack(0x00000085bb200000,0x00000085bb300000) (1024K)]
  0x0000024ee3625270 ConcurrentGCThread "G1 Main Marker"            [id=23736, stack(0x00000085b9100000,0x00000085b9200000) (1024K)]
  0x0000024ee3627970 WorkerThread "G1 Conc#0"                       [id=2620, stack(0x00000085b9200000,0x00000085b9300000) (1024K)]
  0x0000024e85d395e0 WorkerThread "G1 Conc#1"                       [id=7764, stack(0x00000085bb300000,0x00000085bb400000) (1024K)]
  0x0000024e85d38ea0 WorkerThread "G1 Conc#2"                       [id=29328, stack(0x00000085bb400000,0x00000085bb500000) (1024K)]
  0x0000024efaf7a5e0 ConcurrentGCThread "G1 Refine#0"               [id=35764, stack(0x00000085b9300000,0x00000085b9400000) (1024K)]
  0x0000024efaf7aa10 ConcurrentGCThread "G1 Service"                [id=29904, stack(0x00000085b9400000,0x00000085b9500000) (1024K)]
Total: 18

Threads with active compile tasks:
C2 CompilerThread0  31582 16256       4       org.gradle.internal.instantiation.generator.AbstractClassGenerator::inspectType (602 bytes)
C1 CompilerThread0  31582 16433       3       org.gradle.api.internal.DefaultDomainObjectSet::<init> (14 bytes)
Total: 2

VM state: not at safepoint (normal execution)

VM Mutex/Monitor currently owned by a thread: None

Heap address: 0x0000000080000000, size: 2048 MB, Compressed Oops mode: 32-bit

CDS archive(s) not mapped
Compressed class space mapped at: 0x0000000100000000-0x0000000140000000, reserved size: 1073741824
Narrow klass base: 0x0000000000000000, Narrow klass shift: 3, Narrow klass range: 0x140000000

GC Precious Log:
 CardTable entry size: 512
 Card Set container configuration: InlinePtr #cards 5 size 8 Array Of Cards #cards 12 size 40 Howl #buckets 4 coarsen threshold 1843 Howl Bitmap #cards 512 size 80 coarsen threshold 460 Card regions per heap region 1 cards per card region 2048
 CPUs: 12 total, 12 available
 Memory: 7501M
 Large Page Support: Disabled
 NUMA Support: Disabled
 Compressed Oops: Enabled (32-bit)
 Heap Region Size: 1M
 Heap Min Capacity: 8M
 Heap Initial Capacity: 118M
 Heap Max Capacity: 2G
 Pre-touch: Disabled
 Parallel Workers: 10
 Concurrent Workers: 3
 Concurrent Refinement Workers: 10
 Periodic GC: Disabled

Heap:
 garbage-first heap   total 316416K, used 220826K [0x0000000080000000, 0x0000000100000000)
  region size 1024K, 35 young (35840K), 8 survivors (8192K)
 Metaspace       used 163422K, committed 165824K, reserved 1245184K
  class space    used 21606K, committed 22784K, reserved 1048576K

Heap Regions: E=young(eden), S=young(survivor), O=old, HS=humongous(starts), HC=humongous(continues), CS=collection set, F=free, TAMS=top-at-mark-start, PB=parsable bottom
|   0|0x0000000080000000, 0x0000000080100000, 0x0000000080100000|100%|HS|  |TAMS 0x0000000080000000| PB 0x0000000080000000| Complete 
|   1|0x0000000080100000, 0x0000000080200000, 0x0000000080200000|100%|HC|  |TAMS 0x0000000080100000| PB 0x0000000080100000| Complete 
|   2|0x0000000080200000, 0x0000000080300000, 0x0000000080300000|100%|HC|  |TAMS 0x0000000080200000| PB 0x0000000080200000| Complete 
|   3|0x0000000080300000, 0x0000000080400000, 0x0000000080400000|100%| O|  |TAMS 0x0000000080300000| PB 0x0000000080300000| Untracked 
|   4|0x0000000080400000, 0x0000000080500000, 0x0000000080500000|100%| O|  |TAMS 0x0000000080400000| PB 0x0000000080400000| Untracked 
|   5|0x0000000080500000, 0x0000000080600000, 0x0000000080600000|100%| O|  |TAMS 0x0000000080500000| PB 0x0000000080500000| Untracked 
|   6|0x0000000080600000, 0x0000000080700000, 0x0000000080700000|100%|HS|  |TAMS 0x0000000080600000| PB 0x0000000080600000| Complete 
|   7|0x0000000080700000, 0x0000000080800000, 0x0000000080800000|100%| O|  |TAMS 0x0000000080700000| PB 0x0000000080700000| Untracked 
|   8|0x0000000080800000, 0x0000000080900000, 0x0000000080900000|100%| O|  |TAMS 0x0000000080800000| PB 0x0000000080800000| Untracked 
|   9|0x0000000080900000, 0x0000000080a00000, 0x0000000080a00000|100%| O|  |TAMS 0x0000000080900000| PB 0x0000000080900000| Untracked 
|  10|0x0000000080a00000, 0x0000000080b00000, 0x0000000080b00000|100%| O|  |TAMS 0x0000000080a00000| PB 0x0000000080a00000| Untracked 
|  11|0x0000000080b00000, 0x0000000080c00000, 0x0000000080c00000|100%| O|  |TAMS 0x0000000080b00000| PB 0x0000000080b00000| Untracked 
|  12|0x0000000080c00000, 0x0000000080d00000, 0x0000000080d00000|100%| O|  |TAMS 0x0000000080c00000| PB 0x0000000080c00000| Untracked 
|  13|0x0000000080d00000, 0x0000000080e00000, 0x0000000080e00000|100%| O|  |TAMS 0x0000000080d00000| PB 0x0000000080d00000| Untracked 
|  14|0x0000000080e00000, 0x0000000080f00000, 0x0000000080f00000|100%| O|  |TAMS 0x0000000080e00000| PB 0x0000000080e00000| Untracked 
|  15|0x0000000080f00000, 0x0000000081000000, 0x0000000081000000|100%| O|  |TAMS 0x0000000080f00000| PB 0x0000000080f00000| Untracked 
|  16|0x0000000081000000, 0x0000000081100000, 0x0000000081100000|100%| O|  |TAMS 0x0000000081000000| PB 0x0000000081000000| Untracked 
|  17|0x0000000081100000, 0x0000000081200000, 0x0000000081200000|100%| O|  |TAMS 0x0000000081100000| PB 0x0000000081100000| Untracked 
|  18|0x0000000081200000, 0x0000000081300000, 0x0000000081300000|100%| O|  |TAMS 0x0000000081200000| PB 0x0000000081200000| Untracked 
|  19|0x0000000081300000, 0x0000000081400000, 0x0000000081400000|100%| O|  |TAMS 0x0000000081300000| PB 0x0000000081300000| Untracked 
|  20|0x0000000081400000, 0x0000000081500000, 0x0000000081500000|100%| O|  |TAMS 0x0000000081400000| PB 0x0000000081400000| Untracked 
|  21|0x0000000081500000, 0x0000000081600000, 0x0000000081600000|100%| O|  |TAMS 0x0000000081500000| PB 0x0000000081500000| Untracked 
|  22|0x0000000081600000, 0x0000000081700000, 0x0000000081700000|100%| O|  |TAMS 0x0000000081600000| PB 0x0000000081600000| Untracked 
|  23|0x0000000081700000, 0x0000000081800000, 0x0000000081800000|100%| O|  |TAMS 0x0000000081700000| PB 0x0000000081700000| Untracked 
|  24|0x0000000081800000, 0x0000000081900000, 0x0000000081900000|100%|HS|  |TAMS 0x0000000081800000| PB 0x0000000081800000| Complete 
|  25|0x0000000081900000, 0x0000000081a00000, 0x0000000081a00000|100%|HC|  |TAMS 0x0000000081900000| PB 0x0000000081900000| Complete 
|  26|0x0000000081a00000, 0x0000000081b00000, 0x0000000081b00000|100%|HC|  |TAMS 0x0000000081a00000| PB 0x0000000081a00000| Complete 
|  27|0x0000000081b00000, 0x0000000081c00000, 0x0000000081c00000|100%|HC|  |TAMS 0x0000000081b00000| PB 0x0000000081b00000| Complete 
|  28|0x0000000081c00000, 0x0000000081d00000, 0x0000000081d00000|100%|HC|  |TAMS 0x0000000081c00000| PB 0x0000000081c00000| Complete 
|  29|0x0000000081d00000, 0x0000000081e00000, 0x0000000081e00000|100%|HC|  |TAMS 0x0000000081d00000| PB 0x0000000081d00000| Complete 
|  30|0x0000000081e00000, 0x0000000081f00000, 0x0000000081f00000|100%|HS|  |TAMS 0x0000000081e00000| PB 0x0000000081e00000| Complete 
|  31|0x0000000081f00000, 0x0000000082000000, 0x0000000082000000|100%|HS|  |TAMS 0x0000000081f00000| PB 0x0000000081f00000| Complete 
|  32|0x0000000082000000, 0x0000000082100000, 0x0000000082100000|100%|HC|  |TAMS 0x0000000082000000| PB 0x0000000082000000| Complete 
|  33|0x0000000082100000, 0x0000000082200000, 0x0000000082200000|100%|HC|  |TAMS 0x0000000082100000| PB 0x0000000082100000| Complete 
|  34|0x0000000082200000, 0x0000000082300000, 0x0000000082300000|100%|HC|  |TAMS 0x0000000082200000| PB 0x0000000082200000| Complete 
|  35|0x0000000082300000, 0x0000000082400000, 0x0000000082400000|100%|HS|  |TAMS 0x0000000082300000| PB 0x0000000082300000| Complete 
|  36|0x0000000082400000, 0x0000000082500000, 0x0000000082500000|100%|HC|  |TAMS 0x0000000082400000| PB 0x0000000082400000| Complete 
|  37|0x0000000082500000, 0x0000000082600000, 0x0000000082600000|100%|HS|  |TAMS 0x0000000082500000| PB 0x0000000082500000| Complete 
|  38|0x0000000082600000, 0x0000000082700000, 0x0000000082700000|100%|HS|  |TAMS 0x0000000082600000| PB 0x0000000082600000| Complete 
|  39|0x0000000082700000, 0x0000000082800000, 0x0000000082800000|100%|HC|  |TAMS 0x0000000082700000| PB 0x0000000082700000| Complete 
|  40|0x0000000082800000, 0x0000000082900000, 0x0000000082900000|100%|HC|  |TAMS 0x0000000082800000| PB 0x0000000082800000| Complete 
|  41|0x0000000082900000, 0x0000000082a00000, 0x0000000082a00000|100%|HC|  |TAMS 0x0000000082900000| PB 0x0000000082900000| Complete 
|  42|0x0000000082a00000, 0x0000000082b00000, 0x0000000082b00000|100%|HC|  |TAMS 0x0000000082a00000| PB 0x0000000082a00000| Complete 
|  43|0x0000000082b00000, 0x0000000082c00000, 0x0000000082c00000|100%|HC|  |TAMS 0x0000000082b00000| PB 0x0000000082b00000| Complete 
|  44|0x0000000082c00000, 0x0000000082d00000, 0x0000000082d00000|100%|HS|  |TAMS 0x0000000082c00000| PB 0x0000000082c00000| Complete 
|  45|0x0000000082d00000, 0x0000000082e00000, 0x0000000082e00000|100%|HS|  |TAMS 0x0000000082d00000| PB 0x0000000082d00000| Complete 
|  46|0x0000000082e00000, 0x0000000082f00000, 0x0000000082f00000|100%|HC|  |TAMS 0x0000000082e00000| PB 0x0000000082e00000| Complete 
|  47|0x0000000082f00000, 0x0000000083000000, 0x0000000083000000|100%|HC|  |TAMS 0x0000000082f00000| PB 0x0000000082f00000| Complete 
|  48|0x0000000083000000, 0x0000000083100000, 0x0000000083100000|100%|HC|  |TAMS 0x0000000083000000| PB 0x0000000083000000| Complete 
|  49|0x0000000083100000, 0x0000000083200000, 0x0000000083200000|100%|HS|  |TAMS 0x0000000083100000| PB 0x0000000083100000| Complete 
|  50|0x0000000083200000, 0x0000000083300000, 0x0000000083300000|100%| O|  |TAMS 0x0000000083200000| PB 0x0000000083200000| Untracked 
|  51|0x0000000083300000, 0x0000000083400000, 0x0000000083400000|100%| O|  |TAMS 0x0000000083300000| PB 0x0000000083300000| Untracked 
|  52|0x0000000083400000, 0x0000000083500000, 0x0000000083500000|100%|HS|  |TAMS 0x0000000083400000| PB 0x0000000083400000| Complete 
|  53|0x0000000083500000, 0x0000000083600000, 0x0000000083600000|100%|HC|  |TAMS 0x0000000083500000| PB 0x0000000083500000| Complete 
|  54|0x0000000083600000, 0x0000000083700000, 0x0000000083700000|100%| O|  |TAMS 0x0000000083600000| PB 0x0000000083600000| Untracked 
|  55|0x0000000083700000, 0x0000000083800000, 0x0000000083800000|100%| O|  |TAMS 0x0000000083700000| PB 0x0000000083700000| Untracked 
|  56|0x0000000083800000, 0x0000000083900000, 0x0000000083900000|100%| O|  |TAMS 0x0000000083800000| PB 0x0000000083800000| Untracked 
|  57|0x0000000083900000, 0x0000000083a00000, 0x0000000083a00000|100%| O|  |TAMS 0x0000000083900000| PB 0x0000000083900000| Untracked 
|  58|0x0000000083a00000, 0x0000000083b00000, 0x0000000083b00000|100%| O|  |TAMS 0x0000000083a00000| PB 0x0000000083a00000| Untracked 
|  59|0x0000000083b00000, 0x0000000083c00000, 0x0000000083c00000|100%| O|  |TAMS 0x0000000083b00000| PB 0x0000000083b00000| Untracked 
|  60|0x0000000083c00000, 0x0000000083d00000, 0x0000000083d00000|100%| O|  |TAMS 0x0000000083c00000| PB 0x0000000083c00000| Untracked 
|  61|0x0000000083d00000, 0x0000000083e00000, 0x0000000083e00000|100%| O|  |TAMS 0x0000000083d00000| PB 0x0000000083d00000| Untracked 
|  62|0x0000000083e00000, 0x0000000083f00000, 0x0000000083f00000|100%|HS|  |TAMS 0x0000000083e00000| PB 0x0000000083e00000| Complete 
|  63|0x0000000083f00000, 0x0000000084000000, 0x0000000084000000|100%|HC|  |TAMS 0x0000000083f00000| PB 0x0000000083f00000| Complete 
|  64|0x0000000084000000, 0x0000000084100000, 0x0000000084100000|100%| O|  |TAMS 0x0000000084000000| PB 0x0000000084000000| Untracked 
|  65|0x0000000084100000, 0x0000000084200000, 0x0000000084200000|100%| O|  |TAMS 0x0000000084100000| PB 0x0000000084100000| Untracked 
|  66|0x0000000084200000, 0x0000000084300000, 0x0000000084300000|100%| O|  |TAMS 0x0000000084200000| PB 0x0000000084200000| Untracked 
|  67|0x0000000084300000, 0x0000000084400000, 0x0000000084400000|100%| O|  |TAMS 0x0000000084300000| PB 0x0000000084300000| Untracked 
|  68|0x0000000084400000, 0x0000000084500000, 0x0000000084500000|100%|HS|  |TAMS 0x0000000084400000| PB 0x0000000084400000| Complete 
|  69|0x0000000084500000, 0x0000000084600000, 0x0000000084600000|100%|HS|  |TAMS 0x0000000084500000| PB 0x0000000084500000| Complete 
|  70|0x0000000084600000, 0x0000000084700000, 0x0000000084700000|100%| O|  |TAMS 0x0000000084600000| PB 0x0000000084600000| Untracked 
|  71|0x0000000084700000, 0x0000000084800000, 0x0000000084800000|100%| O|  |TAMS 0x0000000084700000| PB 0x0000000084700000| Untracked 
|  72|0x0000000084800000, 0x0000000084900000, 0x0000000084900000|100%| O|  |TAMS 0x0000000084800000| PB 0x0000000084800000| Untracked 
|  73|0x0000000084900000, 0x0000000084a00000, 0x0000000084a00000|100%| O|  |TAMS 0x0000000084900000| PB 0x0000000084900000| Untracked 
|  74|0x0000000084a00000, 0x0000000084b00000, 0x0000000084b00000|100%| O|  |TAMS 0x0000000084a00000| PB 0x0000000084a00000| Untracked 
|  75|0x0000000084b00000, 0x0000000084c00000, 0x0000000084c00000|100%| O|  |TAMS 0x0000000084b00000| PB 0x0000000084b00000| Untracked 
|  76|0x0000000084c00000, 0x0000000084d00000, 0x0000000084d00000|100%| O|  |TAMS 0x0000000084c00000| PB 0x0000000084c00000| Untracked 
|  77|0x0000000084d00000, 0x0000000084e00000, 0x0000000084e00000|100%| O|  |TAMS 0x0000000084d00000| PB 0x0000000084d00000| Untracked 
|  78|0x0000000084e00000, 0x0000000084f00000, 0x0000000084f00000|100%| O|  |TAMS 0x0000000084e00000| PB 0x0000000084e00000| Untracked 
|  79|0x0000000084f00000, 0x0000000085000000, 0x0000000085000000|100%| O|  |TAMS 0x0000000084f00000| PB 0x0000000084f00000| Untracked 
|  80|0x0000000085000000, 0x0000000085100000, 0x0000000085100000|100%| O|  |TAMS 0x0000000085000000| PB 0x0000000085000000| Untracked 
|  81|0x0000000085100000, 0x0000000085200000, 0x0000000085200000|100%| O|  |TAMS 0x0000000085100000| PB 0x0000000085100000| Untracked 
|  82|0x0000000085200000, 0x0000000085300000, 0x0000000085300000|100%| O|  |TAMS 0x0000000085200000| PB 0x0000000085200000| Untracked 
|  83|0x0000000085300000, 0x0000000085400000, 0x0000000085400000|100%| O|  |TAMS 0x0000000085300000| PB 0x0000000085300000| Untracked 
|  84|0x0000000085400000, 0x0000000085500000, 0x0000000085500000|100%| O|  |TAMS 0x0000000085400000| PB 0x0000000085400000| Untracked 
|  85|0x0000000085500000, 0x0000000085600000, 0x0000000085600000|100%| O|  |TAMS 0x0000000085500000| PB 0x0000000085500000| Untracked 
|  86|0x0000000085600000, 0x0000000085700000, 0x0000000085700000|100%|HS|  |TAMS 0x0000000085600000| PB 0x0000000085600000| Complete 
|  87|0x0000000085700000, 0x0000000085800000, 0x0000000085800000|100%|HC|  |TAMS 0x0000000085700000| PB 0x0000000085700000| Complete 
|  88|0x0000000085800000, 0x0000000085900000, 0x0000000085900000|100%|HC|  |TAMS 0x0000000085800000| PB 0x0000000085800000| Complete 
|  89|0x0000000085900000, 0x0000000085a00000, 0x0000000085a00000|100%|HC|  |TAMS 0x0000000085900000| PB 0x0000000085900000| Complete 
|  90|0x0000000085a00000, 0x0000000085b00000, 0x0000000085b00000|100%|HC|  |TAMS 0x0000000085a00000| PB 0x0000000085a00000| Complete 
|  91|0x0000000085b00000, 0x0000000085c00000, 0x0000000085c00000|100%|HC|  |TAMS 0x0000000085b00000| PB 0x0000000085b00000| Complete 
|  92|0x0000000085c00000, 0x0000000085d00000, 0x0000000085d00000|100%| O|  |TAMS 0x0000000085c00000| PB 0x0000000085c00000| Untracked 
|  93|0x0000000085d00000, 0x0000000085e00000, 0x0000000085e00000|100%| O|  |TAMS 0x0000000085d00000| PB 0x0000000085d00000| Untracked 
|  94|0x0000000085e00000, 0x0000000085f00000, 0x0000000085f00000|100%| O|  |TAMS 0x0000000085e00000| PB 0x0000000085e00000| Untracked 
|  95|0x0000000085f00000, 0x0000000086000000, 0x0000000086000000|100%| O|  |TAMS 0x0000000085f00000| PB 0x0000000085f00000| Untracked 
|  96|0x0000000086000000, 0x0000000086100000, 0x0000000086100000|100%| O|  |TAMS 0x0000000086000000| PB 0x0000000086000000| Untracked 
|  97|0x0000000086100000, 0x0000000086200000, 0x0000000086200000|100%| O|  |TAMS 0x0000000086100000| PB 0x0000000086100000| Untracked 
|  98|0x0000000086200000, 0x0000000086300000, 0x0000000086300000|100%|HS|  |TAMS 0x0000000086200000| PB 0x0000000086200000| Complete 
|  99|0x0000000086300000, 0x0000000086400000, 0x0000000086400000|100%|HC|  |TAMS 0x0000000086300000| PB 0x0000000086300000| Complete 
| 100|0x0000000086400000, 0x0000000086500000, 0x0000000086500000|100%|HC|  |TAMS 0x0000000086400000| PB 0x0000000086400000| Complete 
| 101|0x0000000086500000, 0x0000000086600000, 0x0000000086600000|100%|HC|  |TAMS 0x0000000086500000| PB 0x0000000086500000| Complete 
| 102|0x0000000086600000, 0x0000000086700000, 0x0000000086700000|100%|HC|  |TAMS 0x0000000086600000| PB 0x0000000086600000| Complete 
| 103|0x0000000086700000, 0x0000000086800000, 0x0000000086800000|100%|HC|  |TAMS 0x0000000086700000| PB 0x0000000086700000| Complete 
| 104|0x0000000086800000, 0x0000000086900000, 0x0000000086900000|100%|HS|  |TAMS 0x0000000086800000| PB 0x0000000086800000| Complete 
| 105|0x0000000086900000, 0x0000000086a00000, 0x0000000086a00000|100%| O|  |TAMS 0x0000000086900000| PB 0x0000000086900000| Untracked 
| 106|0x0000000086a00000, 0x0000000086b00000, 0x0000000086b00000|100%| O|  |TAMS 0x0000000086a00000| PB 0x0000000086a00000| Untracked 
| 107|0x0000000086b00000, 0x0000000086c00000, 0x0000000086c00000|100%| O|  |TAMS 0x0000000086b00000| PB 0x0000000086b00000| Untracked 
| 108|0x0000000086c00000, 0x0000000086d00000, 0x0000000086d00000|100%| O|  |TAMS 0x0000000086c00000| PB 0x0000000086c00000| Untracked 
| 109|0x0000000086d00000, 0x0000000086e00000, 0x0000000086e00000|100%| O|  |TAMS 0x0000000086d00000| PB 0x0000000086d00000| Untracked 
| 110|0x0000000086e00000, 0x0000000086f00000, 0x0000000086f00000|100%| O|  |TAMS 0x0000000086e00000| PB 0x0000000086e00000| Untracked 
| 111|0x0000000086f00000, 0x0000000087000000, 0x0000000087000000|100%| O|  |TAMS 0x0000000086f00000| PB 0x0000000086f00000| Untracked 
| 112|0x0000000087000000, 0x0000000087100000, 0x0000000087100000|100%| O|  |TAMS 0x0000000087000000| PB 0x0000000087000000| Untracked 
| 113|0x0000000087100000, 0x0000000087200000, 0x0000000087200000|100%| O|  |TAMS 0x0000000087100000| PB 0x0000000087100000| Untracked 
| 114|0x0000000087200000, 0x0000000087300000, 0x0000000087300000|100%| O|  |TAMS 0x0000000087200000| PB 0x0000000087200000| Untracked 
| 115|0x0000000087300000, 0x0000000087400000, 0x0000000087400000|100%|HS|  |TAMS 0x0000000087300000| PB 0x0000000087300000| Complete 
| 116|0x0000000087400000, 0x0000000087500000, 0x0000000087500000|100%| O|  |TAMS 0x0000000087400000| PB 0x0000000087400000| Untracked 
| 117|0x0000000087500000, 0x0000000087600000, 0x0000000087600000|100%|HS|  |TAMS 0x0000000087500000| PB 0x0000000087500000| Complete 
| 118|0x0000000087600000, 0x0000000087700000, 0x0000000087700000|100%| O|  |TAMS 0x0000000087600000| PB 0x0000000087600000| Untracked 
| 119|0x0000000087700000, 0x0000000087800000, 0x0000000087800000|100%|HS|  |TAMS 0x0000000087700000| PB 0x0000000087700000| Complete 
| 120|0x0000000087800000, 0x0000000087900000, 0x0000000087900000|100%|HS|  |TAMS 0x0000000087800000| PB 0x0000000087800000| Complete 
| 121|0x0000000087900000, 0x0000000087a00000, 0x0000000087a00000|100%| O|  |TAMS 0x0000000087900000| PB 0x0000000087900000| Untracked 
| 122|0x0000000087a00000, 0x0000000087b00000, 0x0000000087b00000|100%| O|Cm|TAMS 0x0000000087a00000| PB 0x0000000087a00000| Complete 
| 123|0x0000000087b00000, 0x0000000087c00000, 0x0000000087c00000|100%| O|  |TAMS 0x0000000087b00000| PB 0x0000000087b00000| Untracked 
| 124|0x0000000087c00000, 0x0000000087d00000, 0x0000000087d00000|100%| O|  |TAMS 0x0000000087c00000| PB 0x0000000087c00000| Untracked 
| 125|0x0000000087d00000, 0x0000000087e00000, 0x0000000087e00000|100%| O|Cm|TAMS 0x0000000087d00000| PB 0x0000000087d00000| Complete 
| 126|0x0000000087e00000, 0x0000000087f00000, 0x0000000087f00000|100%| O|  |TAMS 0x0000000087e00000| PB 0x0000000087e00000| Untracked 
| 127|0x0000000087f00000, 0x0000000088000000, 0x0000000088000000|100%| O|  |TAMS 0x0000000087f00000| PB 0x0000000087f00000| Untracked 
| 128|0x0000000088000000, 0x0000000088100000, 0x0000000088100000|100%| O|  |TAMS 0x0000000088000000| PB 0x0000000088000000| Untracked 
| 129|0x0000000088100000, 0x0000000088200000, 0x0000000088200000|100%| O|  |TAMS 0x0000000088100000| PB 0x0000000088100000| Untracked 
| 130|0x0000000088200000, 0x0000000088300000, 0x0000000088300000|100%| O|Cm|TAMS 0x0000000088200000| PB 0x0000000088200000| Complete 
| 131|0x0000000088300000, 0x0000000088400000, 0x0000000088400000|100%| O|  |TAMS 0x0000000088300000| PB 0x0000000088300000| Untracked 
| 132|0x0000000088400000, 0x0000000088500000, 0x0000000088500000|100%| O|  |TAMS 0x0000000088400000| PB 0x0000000088400000| Untracked 
| 133|0x0000000088500000, 0x0000000088600000, 0x0000000088600000|100%| O|  |TAMS 0x0000000088500000| PB 0x0000000088500000| Untracked 
| 134|0x0000000088600000, 0x0000000088700000, 0x0000000088700000|100%| O|  |TAMS 0x0000000088600000| PB 0x0000000088600000| Untracked 
| 135|0x0000000088700000, 0x0000000088800000, 0x0000000088800000|100%| O|  |TAMS 0x0000000088700000| PB 0x0000000088700000| Untracked 
| 136|0x0000000088800000, 0x0000000088900000, 0x0000000088900000|100%| O|  |TAMS 0x0000000088800000| PB 0x0000000088800000| Untracked 
| 137|0x0000000088900000, 0x0000000088a00000, 0x0000000088a00000|100%| O|  |TAMS 0x0000000088900000| PB 0x0000000088900000| Untracked 
| 138|0x0000000088a00000, 0x0000000088b00000, 0x0000000088b00000|100%| O|  |TAMS 0x0000000088a00000| PB 0x0000000088a00000| Untracked 
| 139|0x0000000088b00000, 0x0000000088c00000, 0x0000000088c00000|100%| O|  |TAMS 0x0000000088b00000| PB 0x0000000088b00000| Untracked 
| 140|0x0000000088c00000, 0x0000000088d00000, 0x0000000088d00000|100%| O|  |TAMS 0x0000000088c00000| PB 0x0000000088c00000| Untracked 
| 141|0x0000000088d00000, 0x0000000088e00000, 0x0000000088e00000|100%|HS|  |TAMS 0x0000000088d00000| PB 0x0000000088d00000| Complete 
| 142|0x0000000088e00000, 0x0000000088f00000, 0x0000000088f00000|100%|HS|  |TAMS 0x0000000088e00000| PB 0x0000000088e00000| Complete 
| 143|0x0000000088f00000, 0x0000000089000000, 0x0000000089000000|100%| O|  |TAMS 0x0000000088f00000| PB 0x0000000088f00000| Untracked 
| 144|0x0000000089000000, 0x0000000089100000, 0x0000000089100000|100%| O|  |TAMS 0x0000000089000000| PB 0x0000000089000000| Untracked 
| 145|0x0000000089100000, 0x0000000089200000, 0x0000000089200000|100%| O|  |TAMS 0x0000000089100000| PB 0x0000000089100000| Untracked 
| 146|0x0000000089200000, 0x0000000089300000, 0x0000000089300000|100%| O|  |TAMS 0x0000000089200000| PB 0x0000000089200000| Untracked 
| 147|0x0000000089300000, 0x0000000089400000, 0x0000000089400000|100%| O|  |TAMS 0x0000000089300000| PB 0x0000000089300000| Untracked 
| 148|0x0000000089400000, 0x0000000089500000, 0x0000000089500000|100%| O|  |TAMS 0x0000000089400000| PB 0x0000000089400000| Untracked 
| 149|0x0000000089500000, 0x0000000089600000, 0x0000000089600000|100%| O|  |TAMS 0x0000000089500000| PB 0x0000000089500000| Untracked 
| 150|0x0000000089600000, 0x0000000089700000, 0x0000000089700000|100%| O|  |TAMS 0x0000000089600000| PB 0x0000000089600000| Untracked 
| 151|0x0000000089700000, 0x0000000089800000, 0x0000000089800000|100%| O|  |TAMS 0x0000000089700000| PB 0x0000000089700000| Untracked 
| 152|0x0000000089800000, 0x0000000089900000, 0x0000000089900000|100%| O|Cm|TAMS 0x0000000089800000| PB 0x0000000089800000| Complete 
| 153|0x0000000089900000, 0x0000000089a00000, 0x0000000089a00000|100%| O|  |TAMS 0x0000000089900000| PB 0x0000000089900000| Untracked 
| 154|0x0000000089a00000, 0x0000000089b00000, 0x0000000089b00000|100%| O|  |TAMS 0x0000000089a00000| PB 0x0000000089a00000| Untracked 
| 155|0x0000000089b00000, 0x0000000089c00000, 0x0000000089c00000|100%| O|  |TAMS 0x0000000089b00000| PB 0x0000000089b00000| Untracked 
| 156|0x0000000089c00000, 0x0000000089d00000, 0x0000000089d00000|100%| O|  |TAMS 0x0000000089c00000| PB 0x0000000089c00000| Untracked 
| 157|0x0000000089d00000, 0x0000000089d33c80, 0x0000000089e00000| 20%| O|  |TAMS 0x0000000089d00000| PB 0x0000000089d00000| Untracked 
| 158|0x0000000089e00000, 0x0000000089e00000, 0x0000000089f00000|  0%| F|  |TAMS 0x0000000089e00000| PB 0x0000000089e00000| Untracked 
| 159|0x0000000089f00000, 0x0000000089f00000, 0x000000008a000000|  0%| F|  |TAMS 0x0000000089f00000| PB 0x0000000089f00000| Untracked 
| 160|0x000000008a000000, 0x000000008a000000, 0x000000008a100000|  0%| F|  |TAMS 0x000000008a000000| PB 0x000000008a000000| Untracked 
| 161|0x000000008a100000, 0x000000008a100000, 0x000000008a200000|  0%| F|  |TAMS 0x000000008a100000| PB 0x000000008a100000| Untracked 
| 162|0x000000008a200000, 0x000000008a300000, 0x000000008a300000|100%|HS|  |TAMS 0x000000008a200000| PB 0x000000008a200000| Complete 
| 163|0x000000008a300000, 0x000000008a300000, 0x000000008a400000|  0%| F|  |TAMS 0x000000008a300000| PB 0x000000008a300000| Untracked 
| 164|0x000000008a400000, 0x000000008a400000, 0x000000008a500000|  0%| F|  |TAMS 0x000000008a400000| PB 0x000000008a400000| Untracked 
| 165|0x000000008a500000, 0x000000008a600000, 0x000000008a600000|100%| O|  |TAMS 0x000000008a500000| PB 0x000000008a500000| Untracked 
| 166|0x000000008a600000, 0x000000008a700000, 0x000000008a700000|100%| O|  |TAMS 0x000000008a600000| PB 0x000000008a600000| Untracked 
| 167|0x000000008a700000, 0x000000008a800000, 0x000000008a800000|100%| O|  |TAMS 0x000000008a700000| PB 0x000000008a700000| Untracked 
| 168|0x000000008a800000, 0x000000008a900000, 0x000000008a900000|100%| O|  |TAMS 0x000000008a800000| PB 0x000000008a800000| Untracked 
| 169|0x000000008a900000, 0x000000008aa00000, 0x000000008aa00000|100%| O|  |TAMS 0x000000008a900000| PB 0x000000008a900000| Untracked 
| 170|0x000000008aa00000, 0x000000008ab00000, 0x000000008ab00000|100%| O|  |TAMS 0x000000008aa00000| PB 0x000000008aa00000| Untracked 
| 171|0x000000008ab00000, 0x000000008ac00000, 0x000000008ac00000|100%| O|  |TAMS 0x000000008ab00000| PB 0x000000008ab00000| Untracked 
| 172|0x000000008ac00000, 0x000000008ad00000, 0x000000008ad00000|100%| O|  |TAMS 0x000000008ac00000| PB 0x000000008ac00000| Untracked 
| 173|0x000000008ad00000, 0x000000008ae00000, 0x000000008ae00000|100%| O|  |TAMS 0x000000008ad00000| PB 0x000000008ad00000| Untracked 
| 174|0x000000008ae00000, 0x000000008af00000, 0x000000008af00000|100%| O|  |TAMS 0x000000008ae00000| PB 0x000000008ae00000| Untracked 
| 175|0x000000008af00000, 0x000000008b000000, 0x000000008b000000|100%| O|Cm|TAMS 0x000000008af00000| PB 0x000000008af00000| Complete 
| 176|0x000000008b000000, 0x000000008b000000, 0x000000008b100000|  0%| F|  |TAMS 0x000000008b000000| PB 0x000000008b000000| Untracked 
| 177|0x000000008b100000, 0x000000008b100000, 0x000000008b200000|  0%| F|  |TAMS 0x000000008b100000| PB 0x000000008b100000| Untracked 
| 178|0x000000008b200000, 0x000000008b200000, 0x000000008b300000|  0%| F|  |TAMS 0x000000008b200000| PB 0x000000008b200000| Untracked 
| 179|0x000000008b300000, 0x000000008b300000, 0x000000008b400000|  0%| F|  |TAMS 0x000000008b300000| PB 0x000000008b300000| Untracked 
| 180|0x000000008b400000, 0x000000008b400000, 0x000000008b500000|  0%| F|  |TAMS 0x000000008b400000| PB 0x000000008b400000| Untracked 
| 181|0x000000008b500000, 0x000000008b500000, 0x000000008b600000|  0%| F|  |TAMS 0x000000008b500000| PB 0x000000008b500000| Untracked 
| 182|0x000000008b600000, 0x000000008b600000, 0x000000008b700000|  0%| F|  |TAMS 0x000000008b600000| PB 0x000000008b600000| Untracked 
| 183|0x000000008b700000, 0x000000008b700000, 0x000000008b800000|  0%| F|  |TAMS 0x000000008b700000| PB 0x000000008b700000| Untracked 
| 184|0x000000008b800000, 0x000000008b800000, 0x000000008b900000|  0%| F|  |TAMS 0x000000008b800000| PB 0x000000008b800000| Untracked 
| 185|0x000000008b900000, 0x000000008b900000, 0x000000008ba00000|  0%| F|  |TAMS 0x000000008b900000| PB 0x000000008b900000| Untracked 
| 186|0x000000008ba00000, 0x000000008ba00000, 0x000000008bb00000|  0%| F|  |TAMS 0x000000008ba00000| PB 0x000000008ba00000| Untracked 
| 187|0x000000008bb00000, 0x000000008bc00000, 0x000000008bc00000|100%|HS|  |TAMS 0x000000008bb00000| PB 0x000000008bb00000| Complete 
| 188|0x000000008bc00000, 0x000000008bd00000, 0x000000008bd00000|100%|HC|  |TAMS 0x000000008bc00000| PB 0x000000008bc00000| Complete 
| 189|0x000000008bd00000, 0x000000008be00000, 0x000000008be00000|100%|HC|  |TAMS 0x000000008bd00000| PB 0x000000008bd00000| Complete 
| 190|0x000000008be00000, 0x000000008bf00000, 0x000000008bf00000|100%|HC|  |TAMS 0x000000008be00000| PB 0x000000008be00000| Complete 
| 191|0x000000008bf00000, 0x000000008c000000, 0x000000008c000000|100%|HC|  |TAMS 0x000000008bf00000| PB 0x000000008bf00000| Complete 
| 192|0x000000008c000000, 0x000000008c100000, 0x000000008c100000|100%|HC|  |TAMS 0x000000008c000000| PB 0x000000008c000000| Complete 
| 193|0x000000008c100000, 0x000000008c100000, 0x000000008c200000|  0%| F|  |TAMS 0x000000008c100000| PB 0x000000008c100000| Untracked 
| 194|0x000000008c200000, 0x000000008c200000, 0x000000008c300000|  0%| F|  |TAMS 0x000000008c200000| PB 0x000000008c200000| Untracked 
| 195|0x000000008c300000, 0x000000008c300000, 0x000000008c400000|  0%| F|  |TAMS 0x000000008c300000| PB 0x000000008c300000| Untracked 
| 196|0x000000008c400000, 0x000000008c400000, 0x000000008c500000|  0%| F|  |TAMS 0x000000008c400000| PB 0x000000008c400000| Untracked 
| 197|0x000000008c500000, 0x000000008c500000, 0x000000008c600000|  0%| F|  |TAMS 0x000000008c500000| PB 0x000000008c500000| Untracked 
| 198|0x000000008c600000, 0x000000008c600000, 0x000000008c700000|  0%| F|  |TAMS 0x000000008c600000| PB 0x000000008c600000| Untracked 
| 199|0x000000008c700000, 0x000000008c700000, 0x000000008c800000|  0%| F|  |TAMS 0x000000008c700000| PB 0x000000008c700000| Untracked 
| 200|0x000000008c800000, 0x000000008c800000, 0x000000008c900000|  0%| F|  |TAMS 0x000000008c800000| PB 0x000000008c800000| Untracked 
| 201|0x000000008c900000, 0x000000008c900000, 0x000000008ca00000|  0%| F|  |TAMS 0x000000008c900000| PB 0x000000008c900000| Untracked 
| 202|0x000000008ca00000, 0x000000008ca00000, 0x000000008cb00000|  0%| F|  |TAMS 0x000000008ca00000| PB 0x000000008ca00000| Untracked 
| 203|0x000000008cb00000, 0x000000008cb00000, 0x000000008cc00000|  0%| F|  |TAMS 0x000000008cb00000| PB 0x000000008cb00000| Untracked 
| 204|0x000000008cc00000, 0x000000008cc00000, 0x000000008cd00000|  0%| F|  |TAMS 0x000000008cc00000| PB 0x000000008cc00000| Untracked 
| 205|0x000000008cd00000, 0x000000008cd00000, 0x000000008ce00000|  0%| F|  |TAMS 0x000000008cd00000| PB 0x000000008cd00000| Untracked 
| 206|0x000000008ce00000, 0x000000008ce00000, 0x000000008cf00000|  0%| F|  |TAMS 0x000000008ce00000| PB 0x000000008ce00000| Untracked 
| 207|0x000000008cf00000, 0x000000008cf00000, 0x000000008d000000|  0%| F|  |TAMS 0x000000008cf00000| PB 0x000000008cf00000| Untracked 
| 208|0x000000008d000000, 0x000000008d000000, 0x000000008d100000|  0%| F|  |TAMS 0x000000008d000000| PB 0x000000008d000000| Untracked 
| 209|0x000000008d100000, 0x000000008d100000, 0x000000008d200000|  0%| F|  |TAMS 0x000000008d100000| PB 0x000000008d100000| Untracked 
| 210|0x000000008d200000, 0x000000008d200000, 0x000000008d300000|  0%| F|  |TAMS 0x000000008d200000| PB 0x000000008d200000| Untracked 
| 211|0x000000008d300000, 0x000000008d300000, 0x000000008d400000|  0%| F|  |TAMS 0x000000008d300000| PB 0x000000008d300000| Untracked 
| 212|0x000000008d400000, 0x000000008d400000, 0x000000008d500000|  0%| F|  |TAMS 0x000000008d400000| PB 0x000000008d400000| Untracked 
| 213|0x000000008d500000, 0x000000008d500000, 0x000000008d600000|  0%| F|  |TAMS 0x000000008d500000| PB 0x000000008d500000| Untracked 
| 214|0x000000008d600000, 0x000000008d600000, 0x000000008d700000|  0%| F|  |TAMS 0x000000008d600000| PB 0x000000008d600000| Untracked 
| 215|0x000000008d700000, 0x000000008d700000, 0x000000008d800000|  0%| F|  |TAMS 0x000000008d700000| PB 0x000000008d700000| Untracked 
| 216|0x000000008d800000, 0x000000008d800000, 0x000000008d900000|  0%| F|  |TAMS 0x000000008d800000| PB 0x000000008d800000| Untracked 
| 217|0x000000008d900000, 0x000000008d900000, 0x000000008da00000|  0%| F|  |TAMS 0x000000008d900000| PB 0x000000008d900000| Untracked 
| 218|0x000000008da00000, 0x000000008da00000, 0x000000008db00000|  0%| F|  |TAMS 0x000000008da00000| PB 0x000000008da00000| Untracked 
| 219|0x000000008db00000, 0x000000008db00000, 0x000000008dc00000|  0%| F|  |TAMS 0x000000008db00000| PB 0x000000008db00000| Untracked 
| 220|0x000000008dc00000, 0x000000008dc00000, 0x000000008dd00000|  0%| F|  |TAMS 0x000000008dc00000| PB 0x000000008dc00000| Untracked 
| 221|0x000000008dd00000, 0x000000008dd00000, 0x000000008de00000|  0%| F|  |TAMS 0x000000008dd00000| PB 0x000000008dd00000| Untracked 
| 222|0x000000008de00000, 0x000000008de00000, 0x000000008df00000|  0%| F|  |TAMS 0x000000008de00000| PB 0x000000008de00000| Untracked 
| 223|0x000000008df00000, 0x000000008df00000, 0x000000008e000000|  0%| F|  |TAMS 0x000000008df00000| PB 0x000000008df00000| Untracked 
| 224|0x000000008e000000, 0x000000008e000000, 0x000000008e100000|  0%| F|  |TAMS 0x000000008e000000| PB 0x000000008e000000| Untracked 
| 225|0x000000008e100000, 0x000000008e100000, 0x000000008e200000|  0%| F|  |TAMS 0x000000008e100000| PB 0x000000008e100000| Untracked 
| 226|0x000000008e200000, 0x000000008e200000, 0x000000008e300000|  0%| F|  |TAMS 0x000000008e200000| PB 0x000000008e200000| Untracked 
| 227|0x000000008e300000, 0x000000008e300000, 0x000000008e400000|  0%| F|  |TAMS 0x000000008e300000| PB 0x000000008e300000| Untracked 
| 228|0x000000008e400000, 0x000000008e400000, 0x000000008e500000|  0%| F|  |TAMS 0x000000008e400000| PB 0x000000008e400000| Untracked 
| 229|0x000000008e500000, 0x000000008e500000, 0x000000008e600000|  0%| F|  |TAMS 0x000000008e500000| PB 0x000000008e500000| Untracked 
| 230|0x000000008e600000, 0x000000008e600000, 0x000000008e700000|  0%| F|  |TAMS 0x000000008e600000| PB 0x000000008e600000| Untracked 
| 231|0x000000008e700000, 0x000000008e700000, 0x000000008e800000|  0%| F|  |TAMS 0x000000008e700000| PB 0x000000008e700000| Untracked 
| 232|0x000000008e800000, 0x000000008e800000, 0x000000008e900000|  0%| F|  |TAMS 0x000000008e800000| PB 0x000000008e800000| Untracked 
| 233|0x000000008e900000, 0x000000008e900000, 0x000000008ea00000|  0%| F|  |TAMS 0x000000008e900000| PB 0x000000008e900000| Untracked 
| 234|0x000000008ea00000, 0x000000008ea00000, 0x000000008eb00000|  0%| F|  |TAMS 0x000000008ea00000| PB 0x000000008ea00000| Untracked 
| 235|0x000000008eb00000, 0x000000008eb00000, 0x000000008ec00000|  0%| F|  |TAMS 0x000000008eb00000| PB 0x000000008eb00000| Untracked 
| 236|0x000000008ec00000, 0x000000008ec72e80, 0x000000008ed00000| 44%| S|CS|TAMS 0x000000008ec00000| PB 0x000000008ec00000| Complete 
| 237|0x000000008ed00000, 0x000000008ee00000, 0x000000008ee00000|100%| S|CS|TAMS 0x000000008ed00000| PB 0x000000008ed00000| Complete 
| 238|0x000000008ee00000, 0x000000008ef00000, 0x000000008ef00000|100%| S|CS|TAMS 0x000000008ee00000| PB 0x000000008ee00000| Complete 
| 239|0x000000008ef00000, 0x000000008f000000, 0x000000008f000000|100%| S|CS|TAMS 0x000000008ef00000| PB 0x000000008ef00000| Complete 
| 240|0x000000008f000000, 0x000000008f100000, 0x000000008f100000|100%| S|CS|TAMS 0x000000008f000000| PB 0x000000008f000000| Complete 
| 241|0x000000008f100000, 0x000000008f200000, 0x000000008f200000|100%| S|CS|TAMS 0x000000008f100000| PB 0x000000008f100000| Complete 
| 242|0x000000008f200000, 0x000000008f300000, 0x000000008f300000|100%| S|CS|TAMS 0x000000008f200000| PB 0x000000008f200000| Complete 
| 243|0x000000008f300000, 0x000000008f400000, 0x000000008f400000|100%| S|CS|TAMS 0x000000008f300000| PB 0x000000008f300000| Complete 
| 244|0x000000008f400000, 0x000000008f400000, 0x000000008f500000|  0%| F|  |TAMS 0x000000008f400000| PB 0x000000008f400000| Untracked 
| 245|0x000000008f500000, 0x000000008f500000, 0x000000008f600000|  0%| F|  |TAMS 0x000000008f500000| PB 0x000000008f500000| Untracked 
| 246|0x000000008f600000, 0x000000008f600000, 0x000000008f700000|  0%| F|  |TAMS 0x000000008f600000| PB 0x000000008f600000| Untracked 
| 247|0x000000008f700000, 0x000000008f700000, 0x000000008f800000|  0%| F|  |TAMS 0x000000008f700000| PB 0x000000008f700000| Untracked 
| 248|0x000000008f800000, 0x000000008f800000, 0x000000008f900000|  0%| F|  |TAMS 0x000000008f800000| PB 0x000000008f800000| Untracked 
| 249|0x000000008f900000, 0x000000008f900000, 0x000000008fa00000|  0%| F|  |TAMS 0x000000008f900000| PB 0x000000008f900000| Untracked 
| 250|0x000000008fa00000, 0x000000008fa00000, 0x000000008fb00000|  0%| F|  |TAMS 0x000000008fa00000| PB 0x000000008fa00000| Untracked 
| 251|0x000000008fb00000, 0x000000008fb00000, 0x000000008fc00000|  0%| F|  |TAMS 0x000000008fb00000| PB 0x000000008fb00000| Untracked 
| 252|0x000000008fc00000, 0x000000008fc00000, 0x000000008fd00000|  0%| F|  |TAMS 0x000000008fc00000| PB 0x000000008fc00000| Untracked 
| 253|0x000000008fd00000, 0x000000008fd00000, 0x000000008fe00000|  0%| F|  |TAMS 0x000000008fd00000| PB 0x000000008fd00000| Untracked 
| 254|0x000000008fe00000, 0x000000008fe00000, 0x000000008ff00000|  0%| F|  |TAMS 0x000000008fe00000| PB 0x000000008fe00000| Untracked 
| 255|0x000000008ff00000, 0x000000008ff00000, 0x0000000090000000|  0%| F|  |TAMS 0x000000008ff00000| PB 0x000000008ff00000| Untracked 
| 256|0x0000000090000000, 0x0000000090000000, 0x0000000090100000|  0%| F|  |TAMS 0x0000000090000000| PB 0x0000000090000000| Untracked 
| 257|0x0000000090100000, 0x0000000090100000, 0x0000000090200000|  0%| F|  |TAMS 0x0000000090100000| PB 0x0000000090100000| Untracked 
| 258|0x0000000090200000, 0x0000000090200000, 0x0000000090300000|  0%| F|  |TAMS 0x0000000090200000| PB 0x0000000090200000| Untracked 
| 259|0x0000000090300000, 0x0000000090300000, 0x0000000090400000|  0%| F|  |TAMS 0x0000000090300000| PB 0x0000000090300000| Untracked 
| 260|0x0000000090400000, 0x0000000090400000, 0x0000000090500000|  0%| F|  |TAMS 0x0000000090400000| PB 0x0000000090400000| Untracked 
| 261|0x0000000090500000, 0x0000000090500000, 0x0000000090600000|  0%| F|  |TAMS 0x0000000090500000| PB 0x0000000090500000| Untracked 
| 262|0x0000000090600000, 0x0000000090600000, 0x0000000090700000|  0%| F|  |TAMS 0x0000000090600000| PB 0x0000000090600000| Untracked 
| 263|0x0000000090700000, 0x0000000090700000, 0x0000000090800000|  0%| F|  |TAMS 0x0000000090700000| PB 0x0000000090700000| Untracked 
| 264|0x0000000090800000, 0x0000000090800000, 0x0000000090900000|  0%| F|  |TAMS 0x0000000090800000| PB 0x0000000090800000| Untracked 
| 265|0x0000000090900000, 0x0000000090900000, 0x0000000090a00000|  0%| F|  |TAMS 0x0000000090900000| PB 0x0000000090900000| Untracked 
| 266|0x0000000090a00000, 0x0000000090a00000, 0x0000000090b00000|  0%| F|  |TAMS 0x0000000090a00000| PB 0x0000000090a00000| Untracked 
| 267|0x0000000090b00000, 0x0000000090b00000, 0x0000000090c00000|  0%| F|  |TAMS 0x0000000090b00000| PB 0x0000000090b00000| Untracked 
| 268|0x0000000090c00000, 0x0000000090c00000, 0x0000000090d00000|  0%| F|  |TAMS 0x0000000090c00000| PB 0x0000000090c00000| Untracked 
| 269|0x0000000090d00000, 0x0000000090d00000, 0x0000000090e00000|  0%| F|  |TAMS 0x0000000090d00000| PB 0x0000000090d00000| Untracked 
| 270|0x0000000090e00000, 0x0000000090e00000, 0x0000000090f00000|  0%| F|  |TAMS 0x0000000090e00000| PB 0x0000000090e00000| Untracked 
| 271|0x0000000090f00000, 0x0000000090f00000, 0x0000000091000000|  0%| F|  |TAMS 0x0000000090f00000| PB 0x0000000090f00000| Untracked 
| 272|0x0000000091000000, 0x0000000091000000, 0x0000000091100000|  0%| F|  |TAMS 0x0000000091000000| PB 0x0000000091000000| Untracked 
| 273|0x0000000091100000, 0x0000000091100000, 0x0000000091200000|  0%| F|  |TAMS 0x0000000091100000| PB 0x0000000091100000| Untracked 
| 274|0x0000000091200000, 0x0000000091200000, 0x0000000091300000|  0%| F|  |TAMS 0x0000000091200000| PB 0x0000000091200000| Untracked 
| 275|0x0000000091300000, 0x0000000091380000, 0x0000000091400000| 50%| E|  |TAMS 0x0000000091300000| PB 0x0000000091300000| Complete 
| 276|0x0000000091400000, 0x0000000091500000, 0x0000000091500000|100%| E|CS|TAMS 0x0000000091400000| PB 0x0000000091400000| Complete 
| 277|0x0000000091500000, 0x0000000091600000, 0x0000000091600000|100%| E|CS|TAMS 0x0000000091500000| PB 0x0000000091500000| Complete 
| 278|0x0000000091600000, 0x0000000091700000, 0x0000000091700000|100%| E|CS|TAMS 0x0000000091600000| PB 0x0000000091600000| Complete 
| 279|0x0000000091700000, 0x0000000091800000, 0x0000000091800000|100%| E|CS|TAMS 0x0000000091700000| PB 0x0000000091700000| Complete 
| 280|0x0000000091800000, 0x0000000091900000, 0x0000000091900000|100%| E|CS|TAMS 0x0000000091800000| PB 0x0000000091800000| Complete 
| 281|0x0000000091900000, 0x0000000091a00000, 0x0000000091a00000|100%| E|CS|TAMS 0x0000000091900000| PB 0x0000000091900000| Complete 
| 282|0x0000000091a00000, 0x0000000091b00000, 0x0000000091b00000|100%| E|CS|TAMS 0x0000000091a00000| PB 0x0000000091a00000| Complete 
| 283|0x0000000091b00000, 0x0000000091c00000, 0x0000000091c00000|100%| E|CS|TAMS 0x0000000091b00000| PB 0x0000000091b00000| Complete 
| 284|0x0000000091c00000, 0x0000000091d00000, 0x0000000091d00000|100%| E|CS|TAMS 0x0000000091c00000| PB 0x0000000091c00000| Complete 
| 285|0x0000000091d00000, 0x0000000091e00000, 0x0000000091e00000|100%| E|CS|TAMS 0x0000000091d00000| PB 0x0000000091d00000| Complete 
| 286|0x0000000091e00000, 0x0000000091f00000, 0x0000000091f00000|100%| E|CS|TAMS 0x0000000091e00000| PB 0x0000000091e00000| Complete 
| 287|0x0000000091f00000, 0x0000000092000000, 0x0000000092000000|100%| E|CS|TAMS 0x0000000091f00000| PB 0x0000000091f00000| Complete 
| 288|0x0000000092000000, 0x0000000092100000, 0x0000000092100000|100%| E|CS|TAMS 0x0000000092000000| PB 0x0000000092000000| Complete 
| 289|0x0000000092100000, 0x0000000092200000, 0x0000000092200000|100%| E|CS|TAMS 0x0000000092100000| PB 0x0000000092100000| Complete 
| 290|0x0000000092200000, 0x0000000092300000, 0x0000000092300000|100%| E|CS|TAMS 0x0000000092200000| PB 0x0000000092200000| Complete 
| 291|0x0000000092300000, 0x0000000092400000, 0x0000000092400000|100%| E|CS|TAMS 0x0000000092300000| PB 0x0000000092300000| Complete 
| 292|0x0000000092400000, 0x0000000092500000, 0x0000000092500000|100%| E|CS|TAMS 0x0000000092400000| PB 0x0000000092400000| Complete 
| 293|0x0000000092500000, 0x0000000092600000, 0x0000000092600000|100%| E|CS|TAMS 0x0000000092500000| PB 0x0000000092500000| Complete 
| 294|0x0000000092600000, 0x0000000092700000, 0x0000000092700000|100%| E|CS|TAMS 0x0000000092600000| PB 0x0000000092600000| Complete 
| 295|0x0000000092700000, 0x0000000092800000, 0x0000000092800000|100%| E|CS|TAMS 0x0000000092700000| PB 0x0000000092700000| Complete 
| 296|0x0000000092800000, 0x0000000092900000, 0x0000000092900000|100%| E|CS|TAMS 0x0000000092800000| PB 0x0000000092800000| Complete 
|2036|0x00000000ff400000, 0x00000000ff500000, 0x00000000ff500000|100%| O|  |TAMS 0x00000000ff400000| PB 0x00000000ff400000| Untracked 
|2037|0x00000000ff500000, 0x00000000ff600000, 0x00000000ff600000|100%| O|  |TAMS 0x00000000ff500000| PB 0x00000000ff500000| Untracked 
|2038|0x00000000ff600000, 0x00000000ff700000, 0x00000000ff700000|100%| E|CS|TAMS 0x00000000ff600000| PB 0x00000000ff600000| Complete 
|2039|0x00000000ff700000, 0x00000000ff800000, 0x00000000ff800000|100%| E|CS|TAMS 0x00000000ff700000| PB 0x00000000ff700000| Complete 
|2040|0x00000000ff800000, 0x00000000ff900000, 0x00000000ff900000|100%| E|CS|TAMS 0x00000000ff800000| PB 0x00000000ff800000| Complete 
|2041|0x00000000ff900000, 0x00000000ffa00000, 0x00000000ffa00000|100%| E|CS|TAMS 0x00000000ff900000| PB 0x00000000ff900000| Complete 
|2042|0x00000000ffa00000, 0x00000000ffb00000, 0x00000000ffb00000|100%| O|  |TAMS 0x00000000ffa00000| PB 0x00000000ffa00000| Untracked 
|2043|0x00000000ffb00000, 0x00000000ffc00000, 0x00000000ffc00000|100%| O|  |TAMS 0x00000000ffb00000| PB 0x00000000ffb00000| Untracked 
|2044|0x00000000ffc00000, 0x00000000ffd00000, 0x00000000ffd00000|100%| O|  |TAMS 0x00000000ffc00000| PB 0x00000000ffc00000| Untracked 
|2045|0x00000000ffd00000, 0x00000000ffe00000, 0x00000000ffe00000|100%| E|CS|TAMS 0x00000000ffd00000| PB 0x00000000ffd00000| Complete 
|2046|0x00000000ffe00000, 0x00000000fff00000, 0x00000000fff00000|100%| O|  |TAMS 0x00000000ffe00000| PB 0x00000000ffe00000| Untracked 
|2047|0x00000000fff00000, 0x0000000100000000, 0x0000000100000000|100%| O|  |TAMS 0x00000000fff00000| PB 0x00000000fff00000| Untracked 

Card table byte_map: [0x0000024ef6070000,0x0000024ef6470000] _byte_map_base: 0x0000024ef5c70000

Marking Bits: (CMBitMap*) 0x0000024ee3614990
 Bits: [0x0000024ef6470000, 0x0000024ef8470000)

Polling page: 0x0000024ee1320000

Metaspace:

Usage:
  Non-class:    138.53 MB used.
      Class:     21.10 MB used.
       Both:    159.63 MB used.

Virtual space:
  Non-class space:      192.00 MB reserved,     139.75 MB ( 73%) committed,  3 nodes.
      Class space:        1.00 GB reserved,      22.25 MB (  2%) committed,  1 nodes.
             Both:        1.19 GB reserved,     162.00 MB ( 13%) committed. 

Chunk freelists:
   Non-Class:  3.34 MB
       Class:  9.73 MB
        Both:  13.08 MB

MaxMetaspaceSize: unlimited
CompressedClassSpaceSize: 1.00 GB
Initial GC threshold: 21.00 MB
Current GC threshold: 260.94 MB
CDS: off
 - commit_granule_bytes: 65536.
 - commit_granule_words: 8192.
 - virtual_space_node_default_size: 8388608.
 - enlarge_chunks_in_place: 1.
 - use_allocation_guard: 0.


Internal statistics:

num_allocs_failed_limit: 6.
num_arena_births: 4748.
num_arena_deaths: 4.
num_vsnodes_births: 4.
num_vsnodes_deaths: 0.
num_space_committed: 2590.
num_space_uncommitted: 0.
num_chunks_returned_to_freelist: 15.
num_chunks_taken_from_freelist: 11165.
num_chunk_merges: 3.
num_chunk_splits: 7767.
num_chunks_enlarged: 5420.
num_inconsistent_stats: 0.

CodeHeap 'non-profiled nmethods': size=120000Kb used=8496Kb max_used=8496Kb free=111503Kb
 bounds [0x0000024eee1e0000, 0x0000024eeea30000, 0x0000024ef5710000]
CodeHeap 'profiled nmethods': size=120000Kb used=27961Kb max_used=27961Kb free=92039Kb
 bounds [0x0000024ee6710000, 0x0000024ee8270000, 0x0000024eedc40000]
CodeHeap 'non-nmethods': size=5760Kb used=3148Kb max_used=3203Kb free=2612Kb
 bounds [0x0000024eedc40000, 0x0000024eedf80000, 0x0000024eee1e0000]
CodeCache: size=245760Kb, used=39605Kb, max_used=39660Kb, free=206154Kb
 total_blobs=14952, nmethods=13762, adapters=1092, full_count=0
Compilation: enabled, stopped_count=0, restarted_count=0

Compilation events (20 events):
Event: 31.516 Thread 0x0000024e840caad0 16393       3       org.objectweb.asm.MethodWriter::hasFrames (13 bytes)
Event: 31.516 Thread 0x0000024e840caad0 nmethod 16393 0x0000024ee6bce610 code [0x0000024ee6bce7a0, 0x0000024ee6bce900]
Event: 31.516 Thread 0x0000024e840caad0 16391       3       org.objectweb.asm.commons.GeneratorAdapter::<init> (15 bytes)
Event: 31.516 Thread 0x0000024e840caad0 nmethod 16391 0x0000024ee7607210 code [0x0000024ee76073c0, 0x0000024ee7607548]
Event: 31.517 Thread 0x0000024e840caad0 16394       3       org.gradle.internal.reflect.PropertyAccessorType::of (101 bytes)
Event: 31.518 Thread 0x0000024e9532e700 16395       4       org.gradle.internal.reflect.PropertyAccessorType::takesSingleParameter (14 bytes)
Event: 31.519 Thread 0x0000024e840caad0 nmethod 16394 0x0000024ee8255990 code [0x0000024ee8255d20, 0x0000024ee8257510]
Event: 31.519 Thread 0x0000024e9532e700 nmethod 16395 0x0000024eeea26a10 code [0x0000024eeea26ba0, 0x0000024eeea26c40]
Event: 31.520 Thread 0x0000024e9532e700 16396       4       java.util.LinkedHashMap::get (29 bytes)
Event: 31.524 Thread 0x0000024e9532e700 nmethod 16396 0x0000024eeea26d10 code [0x0000024eeea26ee0, 0x0000024eeea27240]
Event: 31.524 Thread 0x0000024e9532e700 16397       4       java.util.TreeMap$PrivateEntryIterator::nextEntry (54 bytes)
Event: 31.525 Thread 0x0000024e840caad0 16398       3       com.google.common.base.Preconditions::checkNotNull (14 bytes)
Event: 31.525 Thread 0x0000024e840caad0 nmethod 16398 0x0000024ee7606d90 code [0x0000024ee7606f40, 0x0000024ee7607120]
Event: 31.527 Thread 0x0000024e9532e700 nmethod 16397 0x0000024eeea27510 code [0x0000024eeea276a0, 0x0000024eeea279e8]
Event: 31.530 Thread 0x0000024e840caad0 16399       3       org.objectweb.asm.MethodVisitor::visitAnnotation (19 bytes)
Event: 31.530 Thread 0x0000024e840caad0 nmethod 16399 0x0000024ee7606690 code [0x0000024ee7606840, 0x0000024ee7606a70]
Event: 31.531 Thread 0x0000024e840caad0 16400       3       com.google.common.collect.Ordering::sortedCopy (18 bytes)
Event: 31.532 Thread 0x0000024e840caad0 nmethod 16400 0x0000024ee6902a90 code [0x0000024ee6902d40, 0x0000024ee6903a70]
Event: 31.536 Thread 0x0000024e840caad0 16401       3       java.lang.invoke.MethodTypeForm::hasPrimitives (13 bytes)
Event: 31.536 Thread 0x0000024e840caad0 nmethod 16401 0x0000024ee6da9690 code [0x0000024ee6da9820, 0x0000024ee6da9980]

GC Heap History (20 events):
Event: 21.870 GC heap before
{Heap before GC invocations=37 (full 0):
 garbage-first heap   total 244736K, used 206156K [0x0000000080000000, 0x0000000100000000)
  region size 1024K, 66 young (67584K), 8 survivors (8192K)
 Metaspace       used 132422K, committed 134528K, reserved 1179648K
  class space    used 17492K, committed 18496K, reserved 1048576K
}
Event: 21.878 GC heap after
{Heap after GC invocations=38 (full 0):
 garbage-first heap   total 244736K, used 151292K [0x0000000080000000, 0x0000000100000000)
  region size 1024K, 9 young (9216K), 9 survivors (9216K)
 Metaspace       used 132422K, committed 134528K, reserved 1179648K
  class space    used 17492K, committed 18496K, reserved 1048576K
}
Event: 22.755 GC heap before
{Heap before GC invocations=38 (full 0):
 garbage-first heap   total 244736K, used 220924K [0x0000000080000000, 0x0000000100000000)
  region size 1024K, 77 young (78848K), 9 survivors (9216K)
 Metaspace       used 134784K, committed 136896K, reserved 1179648K
  class space    used 17772K, committed 18752K, reserved 1048576K
}
Event: 22.761 GC heap after
{Heap after GC invocations=39 (full 0):
 garbage-first heap   total 244736K, used 146347K [0x0000000080000000, 0x0000000100000000)
  region size 1024K, 2 young (2048K), 2 survivors (2048K)
 Metaspace       used 134784K, committed 136896K, reserved 1179648K
  class space    used 17772K, committed 18752K, reserved 1048576K
}
Event: 24.581 GC heap before
{Heap before GC invocations=39 (full 0):
 garbage-first heap   total 244736K, used 226219K [0x0000000080000000, 0x0000000100000000)
  region size 1024K, 81 young (82944K), 2 survivors (2048K)
 Metaspace       used 146014K, committed 148224K, reserved 1179648K
  class space    used 19436K, committed 20480K, reserved 1048576K
}
Event: 24.587 GC heap after
{Heap after GC invocations=40 (full 0):
 garbage-first heap   total 244736K, used 151420K [0x0000000080000000, 0x0000000100000000)
  region size 1024K, 7 young (7168K), 7 survivors (7168K)
 Metaspace       used 146014K, committed 148224K, reserved 1179648K
  class space    used 19436K, committed 20480K, reserved 1048576K
}
Event: 26.285 GC heap before
{Heap before GC invocations=41 (full 0):
 garbage-first heap   total 254976K, used 222076K [0x0000000080000000, 0x0000000100000000)
  region size 1024K, 77 young (78848K), 7 survivors (7168K)
 Metaspace       used 149472K, committed 151744K, reserved 1179648K
  class space    used 19838K, committed 20928K, reserved 1048576K
}
Event: 26.295 GC heap after
{Heap after GC invocations=42 (full 0):
 garbage-first heap   total 254976K, used 157986K [0x0000000080000000, 0x0000000100000000)
  region size 1024K, 8 young (8192K), 8 survivors (8192K)
 Metaspace       used 149472K, committed 151744K, reserved 1179648K
  class space    used 19838K, committed 20928K, reserved 1048576K
}
Event: 26.978 GC heap before
{Heap before GC invocations=42 (full 0):
 garbage-first heap   total 254976K, used 230690K [0x0000000080000000, 0x0000000100000000)
  region size 1024K, 80 young (81920K), 8 survivors (8192K)
 Metaspace       used 149648K, committed 151936K, reserved 1245184K
  class space    used 19855K, committed 20992K, reserved 1048576K
}
Event: 26.985 GC heap after
{Heap after GC invocations=43 (full 0):
 garbage-first heap   total 254976K, used 156101K [0x0000000080000000, 0x0000000100000000)
  region size 1024K, 5 young (5120K), 5 survivors (5120K)
 Metaspace       used 149648K, committed 151936K, reserved 1245184K
  class space    used 19855K, committed 20992K, reserved 1048576K
}
Event: 27.069 GC heap before
{Heap before GC invocations=43 (full 0):
 garbage-first heap   total 254976K, used 164293K [0x0000000080000000, 0x0000000100000000)
  region size 1024K, 14 young (14336K), 5 survivors (5120K)
 Metaspace       used 149874K, committed 152128K, reserved 1245184K
  class space    used 19889K, committed 20992K, reserved 1048576K
}
Event: 27.074 GC heap after
{Heap after GC invocations=44 (full 0):
 garbage-first heap   total 254976K, used 155953K [0x0000000080000000, 0x0000000100000000)
  region size 1024K, 5 young (5120K), 5 survivors (5120K)
 Metaspace       used 149874K, committed 152128K, reserved 1245184K
  class space    used 19889K, committed 20992K, reserved 1048576K
}
Event: 27.753 GC heap before
{Heap before GC invocations=45 (full 0):
 garbage-first heap   total 265216K, used 242993K [0x0000000080000000, 0x0000000100000000)
  region size 1024K, 82 young (83968K), 5 survivors (5120K)
 Metaspace       used 150000K, committed 152320K, reserved 1245184K
  class space    used 19894K, committed 20992K, reserved 1048576K
}
Event: 27.766 GC heap after
{Heap after GC invocations=46 (full 0):
 garbage-first heap   total 265216K, used 175029K [0x0000000080000000, 0x0000000100000000)
  region size 1024K, 11 young (11264K), 11 survivors (11264K)
 Metaspace       used 150000K, committed 152320K, reserved 1245184K
  class space    used 19894K, committed 20992K, reserved 1048576K
}
Event: 28.751 GC heap before
{Heap before GC invocations=46 (full 0):
 garbage-first heap   total 265216K, used 242613K [0x0000000080000000, 0x0000000100000000)
  region size 1024K, 74 young (75776K), 11 survivors (11264K)
 Metaspace       used 152055K, committed 154368K, reserved 1245184K
  class space    used 20083K, committed 21184K, reserved 1048576K
}
Event: 28.764 GC heap after
{Heap after GC invocations=47 (full 0):
 garbage-first heap   total 268288K, used 185327K [0x0000000080000000, 0x0000000100000000)
  region size 1024K, 10 young (10240K), 10 survivors (10240K)
 Metaspace       used 152055K, committed 154368K, reserved 1245184K
  class space    used 20083K, committed 21184K, reserved 1048576K
}
Event: 29.821 GC heap before
{Heap before GC invocations=47 (full 0):
 garbage-first heap   total 268288K, used 242671K [0x0000000080000000, 0x0000000100000000)
  region size 1024K, 66 young (67584K), 10 survivors (10240K)
 Metaspace       used 157546K, committed 159872K, reserved 1245184K
  class space    used 20780K, committed 21888K, reserved 1048576K
}
Event: 29.829 GC heap after
{Heap after GC invocations=48 (full 0):
 garbage-first heap   total 268288K, used 188008K [0x0000000080000000, 0x0000000100000000)
  region size 1024K, 3 young (3072K), 3 survivors (3072K)
 Metaspace       used 157546K, committed 159872K, reserved 1245184K
  class space    used 20780K, committed 21888K, reserved 1048576K
}
Event: 31.138 GC heap before
{Heap before GC invocations=49 (full 0):
 garbage-first heap   total 316416K, used 252520K [0x0000000080000000, 0x0000000100000000)
  region size 1024K, 61 young (62464K), 3 survivors (3072K)
 Metaspace       used 161462K, committed 163840K, reserved 1245184K
  class space    used 21375K, committed 22528K, reserved 1048576K
}
Event: 31.143 GC heap after
{Heap after GC invocations=50 (full 0):
 garbage-first heap   total 316416K, used 194202K [0x0000000080000000, 0x0000000100000000)
  region size 1024K, 8 young (8192K), 8 survivors (8192K)
 Metaspace       used 161462K, committed 163840K, reserved 1245184K
  class space    used 21375K, committed 22528K, reserved 1048576K
}

Dll operation events (3 events):
Event: 0.016 Loaded shared library C:\Program Files\Android\Android Studio\jbr\bin\java.dll
Event: 0.023 Loaded shared library C:\Program Files\Android\Android Studio\jbr\bin\zip.dll
Event: 0.506 Loaded shared library C:\Program Files\Android\Android Studio\jbr\bin\verify.dll

Deoptimization events (20 events):
Event: 30.800 Thread 0x0000024e85c9d320 DEOPT PACKING pc=0x0000024eee8a9e48 sp=0x00000085bb0f5c10
Event: 30.800 Thread 0x0000024e85c9d320 DEOPT UNPACKING pc=0x0000024eedc946a2 sp=0x00000085bb0f5bd8 mode 2
Event: 30.942 Thread 0x0000024e85c9d320 Uncommon trap: trap_request=0xffffffc6 fr.pc=0x0000024eee8a9e48 relative=0x0000000000000068
Event: 30.942 Thread 0x0000024e85c9d320 Uncommon trap: reason=bimorphic_or_optimized_type_check action=maybe_recompile pc=0x0000024eee8a9e48 method=java.util.AbstractQueue.add(Ljava/lang/Object;)Z @ 2 c2
Event: 30.942 Thread 0x0000024e85c9d320 DEOPT PACKING pc=0x0000024eee8a9e48 sp=0x00000085bb0f5600
Event: 30.942 Thread 0x0000024e85c9d320 DEOPT UNPACKING pc=0x0000024eedc946a2 sp=0x00000085bb0f55c8 mode 2
Event: 30.942 Thread 0x0000024e85c9d320 Uncommon trap: trap_request=0xffffffc6 fr.pc=0x0000024eee8a9e48 relative=0x0000000000000068
Event: 30.942 Thread 0x0000024e85c9d320 Uncommon trap: reason=bimorphic_or_optimized_type_check action=maybe_recompile pc=0x0000024eee8a9e48 method=java.util.AbstractQueue.add(Ljava/lang/Object;)Z @ 2 c2
Event: 30.942 Thread 0x0000024e85c9d320 DEOPT PACKING pc=0x0000024eee8a9e48 sp=0x00000085bb0f5600
Event: 30.942 Thread 0x0000024e85c9d320 DEOPT UNPACKING pc=0x0000024eedc946a2 sp=0x00000085bb0f55c8 mode 2
Event: 31.188 Thread 0x0000024e85c9d320 DEOPT PACKING pc=0x0000024ee7c9d77e sp=0x00000085bb0f4fc0
Event: 31.188 Thread 0x0000024e85c9d320 DEOPT UNPACKING pc=0x0000024eedc94e42 sp=0x00000085bb0f4580 mode 0
Event: 31.488 Thread 0x0000024e85c9d320 Uncommon trap: trap_request=0xfffffff4 fr.pc=0x0000024eeea22b94 relative=0x0000000000000074
Event: 31.488 Thread 0x0000024e85c9d320 Uncommon trap: reason=null_check action=make_not_entrant pc=0x0000024eeea22b94 method=java.lang.Class.isAnnotation()Z @ 1 c2
Event: 31.488 Thread 0x0000024e85c9d320 DEOPT PACKING pc=0x0000024eeea22b94 sp=0x00000085bb0f5fd0
Event: 31.488 Thread 0x0000024e85c9d320 DEOPT UNPACKING pc=0x0000024eedc946a2 sp=0x00000085bb0f5f60 mode 2
Event: 31.515 Thread 0x0000024e85c9d320 Uncommon trap: trap_request=0xffffff45 fr.pc=0x0000024eee926acc relative=0x000000000000036c
Event: 31.515 Thread 0x0000024e85c9d320 Uncommon trap: reason=unstable_if action=reinterpret pc=0x0000024eee926acc method=org.gradle.internal.reflect.PropertyAccessorType.of(Ljava/lang/reflect/Method;)Lorg/gradle/internal/reflect/PropertyAccessorType; @ 56 c2
Event: 31.515 Thread 0x0000024e85c9d320 DEOPT PACKING pc=0x0000024eee926acc sp=0x00000085bb0f5c60
Event: 31.515 Thread 0x0000024e85c9d320 DEOPT UNPACKING pc=0x0000024eedc946a2 sp=0x00000085bb0f5c20 mode 2

Classes loaded (20 events):
Event: 30.238 Loading class java/math/SignedMutableBigInteger
Event: 30.238 Loading class java/math/SignedMutableBigInteger done
Event: 30.253 Loading class sun/security/util/JarConstraintsParameters
Event: 30.253 Loading class sun/security/util/JarConstraintsParameters done
Event: 30.254 Loading class java/util/Base64
Event: 30.254 Loading class java/util/Base64 done
Event: 30.254 Loading class java/util/Base64$Decoder
Event: 30.255 Loading class java/util/Base64$Decoder done
Event: 30.255 Loading class java/util/Base64$Encoder
Event: 30.255 Loading class java/util/Base64$Encoder done
Event: 30.256 Loading class java/util/jar/JarVerifier$VerifierStream
Event: 30.256 Loading class java/util/jar/JarVerifier$VerifierStream done
Event: 30.256 Loading class sun/security/util/ManifestEntryVerifier$SunProviderHolder
Event: 30.256 Loading class sun/security/util/ManifestEntryVerifier$SunProviderHolder done
Event: 30.746 Loading class sun/reflect/annotation/AnnotationInvocationHandler$1
Event: 30.746 Loading class sun/reflect/annotation/AnnotationInvocationHandler$1 done
Event: 30.780 Loading class java/lang/foreign/ValueLayout
Event: 30.793 Loading class java/lang/foreign/MemoryLayout
Event: 30.794 Loading class java/lang/foreign/MemoryLayout done
Event: 30.794 Loading class java/lang/foreign/ValueLayout done

Classes unloaded (12 events):
Event: 14.749 Thread 0x0000024efb11d8f0 Unloading class 0x00000001009bda08 '_BuildScript_$_run_closure1$_closure3'
Event: 14.749 Thread 0x0000024efb11d8f0 Unloading class 0x00000001009bd5e8 '_BuildScript_$_run_closure1$_closure2'
Event: 14.749 Thread 0x0000024efb11d8f0 Unloading class 0x00000001009bd1c8 '_BuildScript_$_run_closure1'
Event: 14.749 Thread 0x0000024efb11d8f0 Unloading class 0x00000001009bcc60 '_BuildScript_'
Event: 14.749 Thread 0x0000024efb11d8f0 Unloading class 0x00000001009bc840 'JetGradlePlugin$_apply_closure1$_closure2$_closure3'
Event: 14.749 Thread 0x0000024efb11d8f0 Unloading class 0x00000001009bc420 'JetGradlePlugin$_apply_closure1$_closure2'
Event: 14.749 Thread 0x0000024efb11d8f0 Unloading class 0x00000001009bc000 'JetGradlePlugin$_apply_closure1'
Event: 14.749 Thread 0x0000024efb11d8f0 Unloading class 0x00000001009b5300 'JetGradlePlugin'
Event: 14.749 Thread 0x0000024efb11d8f0 Unloading class 0x00000001009b5000 'RegistryProcessor'
Event: 14.749 Thread 0x0000024efb11d8f0 Unloading class 0x0000000100994988 '_BuildScript_$_run_closure1$_closure2'
Event: 14.749 Thread 0x0000024efb11d8f0 Unloading class 0x0000000100994568 '_BuildScript_$_run_closure1'
Event: 14.749 Thread 0x0000024efb11d8f0 Unloading class 0x0000000100994000 '_BuildScript_'

Classes redefined (0 events):
No events

Internal exceptions (20 events):
Event: 24.153 Thread 0x0000024e85c9d320 Implicit null exception at 0x0000024eee78ee9d to 0x0000024eee78f104
Event: 24.217 Thread 0x0000024e85c9d320 Exception <a 'sun/nio/fs/WindowsException'{0x000000008a342898}> (0x000000008a342898) 
thrown [s\src\hotspot\share\prims\jni.cpp, line 537]
Event: 26.690 Thread 0x0000024e88af1c90 Implicit null exception at 0x0000024eee9081d2 to 0x0000024eee908a60
Event: 26.702 Thread 0x0000024e88af0250 Implicit null exception at 0x0000024eee9081d2 to 0x0000024eee908a60
Event: 26.706 Thread 0x0000024e88aedaf0 Implicit null exception at 0x0000024eee9081d2 to 0x0000024eee908a60
Event: 26.707 Thread 0x0000024e85c9d320 Implicit null exception at 0x0000024eee9081d2 to 0x0000024eee908a60
Event: 27.040 Thread 0x0000024e85c9d320 Exception <a 'sun/nio/fs/WindowsException'{0x00000000ff841180}> (0x00000000ff841180) 
thrown [s\src\hotspot\share\prims\jni.cpp, line 537]
Event: 27.041 Thread 0x0000024e85c9d320 Exception <a 'sun/nio/fs/WindowsException'{0x00000000ff843288}> (0x00000000ff843288) 
thrown [s\src\hotspot\share\prims\jni.cpp, line 537]
Event: 27.095 Thread 0x0000024e85c9d320 Implicit null exception at 0x0000024eee4825cf to 0x0000024eee484588
Event: 27.162 Thread 0x0000024e8407ec90 Implicit null exception at 0x0000024eee570f8b to 0x0000024eee571050
Event: 28.107 Thread 0x0000024e85c9d320 Exception <a 'sun/nio/fs/WindowsException'{0x000000008d8e05e8}> (0x000000008d8e05e8) 
thrown [s\src\hotspot\share\prims\jni.cpp, line 537]
Event: 28.108 Thread 0x0000024e85c9d320 Exception <a 'sun/nio/fs/WindowsException'{0x000000008d8e22b8}> (0x000000008d8e22b8) 
thrown [s\src\hotspot\share\prims\jni.cpp, line 537]
Event: 28.110 Thread 0x0000024e85c9d320 Exception <a 'sun/nio/fs/WindowsException'{0x000000008d8ecd48}> (0x000000008d8ecd48) 
thrown [s\src\hotspot\share\prims\jni.cpp, line 537]
Event: 28.112 Thread 0x0000024e85c9d320 Exception <a 'sun/nio/fs/WindowsException'{0x000000008d8f5908}> (0x000000008d8f5908) 
thrown [s\src\hotspot\share\prims\jni.cpp, line 537]
Event: 28.117 Thread 0x0000024e85c9d320 Exception <a 'sun/nio/fs/WindowsException'{0x000000008d707650}> (0x000000008d707650) 
thrown [s\src\hotspot\share\prims\jni.cpp, line 537]
Event: 28.138 Thread 0x0000024e85c9d320 Implicit null exception at 0x0000024eee87345d to 0x0000024eee8738e4
Event: 28.138 Thread 0x0000024e85c9d320 Implicit null exception at 0x0000024eee8740df to 0x0000024eee87454c
Event: 29.208 Thread 0x0000024e85c9d320 Exception <a 'java/lang/NoSuchMethodError'{0x000000008e703160}: 'int java.lang.invoke.DirectMethodHandle$Holder.invokeSpecialIFC(java.lang.Object, java.lang.Object, java.lang.Object, java.lang.Object, java.lang.Object)'> (0x000000008e703160) 
thrown [s\src\hotspot\share\interpreter\linkResolver.cpp, line 784]
Event: 30.230 Thread 0x0000024e85c9d320 Implicit null exception at 0x0000024eee81585d to 0x0000024eee815aa0
Event: 30.307 Thread 0x0000024e85c9d320 Implicit null exception at 0x0000024eee7ebdf4 to 0x0000024eee7ec65e

ZGC Phase Switch (0 events):
No events

VM Operations (20 events):
Event: 28.153 Executing VM operation: ICBufferFull
Event: 28.154 Executing VM operation: ICBufferFull done
Event: 28.227 Executing VM operation: HandshakeAllThreads (Deoptimize)
Event: 28.227 Executing VM operation: HandshakeAllThreads (Deoptimize) done
Event: 28.751 Executing VM operation: G1CollectForAllocation (G1 Evacuation Pause)
Event: 28.764 Executing VM operation: G1CollectForAllocation (G1 Evacuation Pause) done
Event: 29.769 Executing VM operation: Cleanup
Event: 29.769 Executing VM operation: Cleanup done
Event: 29.821 Executing VM operation: G1CollectForAllocation (G1 Evacuation Pause)
Event: 29.829 Executing VM operation: G1CollectForAllocation (G1 Evacuation Pause) done
Event: 29.891 Executing VM operation: HandshakeAllThreads (Deoptimize)
Event: 29.891 Executing VM operation: HandshakeAllThreads (Deoptimize) done
Event: 29.911 Executing VM operation: G1PauseRemark
Event: 29.921 Executing VM operation: G1PauseRemark done
Event: 29.963 Executing VM operation: G1PauseCleanup
Event: 29.963 Executing VM operation: G1PauseCleanup done
Event: 30.975 Executing VM operation: Cleanup
Event: 30.975 Executing VM operation: Cleanup done
Event: 31.138 Executing VM operation: G1CollectForAllocation (G1 Evacuation Pause)
Event: 31.143 Executing VM operation: G1CollectForAllocation (G1 Evacuation Pause) done

Memory protections (0 events):
No events

Nmethod flushes (20 events):
Event: 29.918 Thread 0x0000024efb11d8f0 flushing  nmethod 0x0000024ee6dfb590
Event: 29.918 Thread 0x0000024efb11d8f0 flushing  nmethod 0x0000024ee6e2d190
Event: 29.918 Thread 0x0000024efb11d8f0 flushing  nmethod 0x0000024ee6e2d890
Event: 29.918 Thread 0x0000024efb11d8f0 flushing  nmethod 0x0000024ee6e31090
Event: 29.918 Thread 0x0000024efb11d8f0 flushing  nmethod 0x0000024ee6f6c810
Event: 29.918 Thread 0x0000024efb11d8f0 flushing  nmethod 0x0000024ee6f6d090
Event: 29.918 Thread 0x0000024efb11d8f0 flushing  nmethod 0x0000024ee6f6e110
Event: 29.918 Thread 0x0000024efb11d8f0 flushing  nmethod 0x0000024ee7137790
Event: 29.918 Thread 0x0000024efb11d8f0 flushing  nmethod 0x0000024ee7139090
Event: 29.918 Thread 0x0000024efb11d8f0 flushing  nmethod 0x0000024ee72d4410
Event: 29.918 Thread 0x0000024efb11d8f0 flushing  nmethod 0x0000024ee72d7890
Event: 29.918 Thread 0x0000024efb11d8f0 flushing  nmethod 0x0000024ee7368190
Event: 29.918 Thread 0x0000024efb11d8f0 flushing  nmethod 0x0000024ee73c6a90
Event: 29.918 Thread 0x0000024efb11d8f0 flushing  nmethod 0x0000024ee7450a10
Event: 29.918 Thread 0x0000024efb11d8f0 flushing  nmethod 0x0000024ee7694e90
Event: 29.918 Thread 0x0000024efb11d8f0 flushing  nmethod 0x0000024ee7d15690
Event: 29.918 Thread 0x0000024efb11d8f0 flushing  nmethod 0x0000024ee7eba490
Event: 29.918 Thread 0x0000024efb11d8f0 flushing  nmethod 0x0000024ee7ebd110
Event: 29.918 Thread 0x0000024efb11d8f0 flushing  nmethod 0x0000024ee7ec3a10
Event: 29.918 Thread 0x0000024efb11d8f0 flushing  nmethod 0x0000024ee7f8d310

Events (20 events):
Event: 26.040 Thread 0x0000024e85c9d320 Thread added: 0x0000024e88aedaf0
Event: 26.041 Thread 0x0000024e85c9d320 Thread added: 0x0000024e88aead00
Event: 26.042 Thread 0x0000024e85c9d320 Thread added: 0x0000024e88aee810
Event: 26.043 Thread 0x0000024e85c9d320 Thread added: 0x0000024e88aeb390
Event: 26.044 Thread 0x0000024e85c9d320 Thread added: 0x0000024e88af08e0
Event: 26.045 Thread 0x0000024e85c9d320 Thread added: 0x0000024e88af0250
Event: 26.046 Thread 0x0000024e85c9d320 Thread added: 0x0000024e88aeeea0
Event: 26.047 Thread 0x0000024e85c9d320 Thread added: 0x0000024e88af0f70
Event: 26.048 Thread 0x0000024e85c9d320 Thread added: 0x0000024e88af1c90
Event: 26.050 Thread 0x0000024e85c9d320 Thread added: 0x0000024e88aef530
Event: 26.051 Thread 0x0000024e85c9d320 Thread added: 0x0000024e88af1600
Event: 27.092 Thread 0x0000024e8af5e140 Thread added: 0x0000024e9532d290
Event: 29.099 Thread 0x0000024e9532d290 Thread exited: 0x0000024e9532d290
Event: 29.115 Thread 0x0000024e8af5e140 Thread exited: 0x0000024e8af5e140
Event: 29.672 Thread 0x0000024e840caad0 Thread added: 0x0000024e9532e700
Event: 29.691 Thread 0x0000024e840caad0 Thread added: 0x0000024e9532edd0
Event: 29.972 Thread 0x0000024e85c9d320 Thread added: 0x0000024e93c682b0
Event: 30.442 Thread 0x0000024e9532edd0 Thread exited: 0x0000024e9532edd0
Event: 30.442 Thread 0x0000024e9532e700 Thread exited: 0x0000024e9532e700
Event: 31.053 Thread 0x0000024e840caad0 Thread added: 0x0000024e9532e700


Dynamic libraries:
0x00007ff647d80000 - 0x00007ff647d8a000 	C:\Program Files\Android\Android Studio\jbr\bin\java.exe
0x00007ffff06a0000 - 0x00007ffff0908000 	C:\WINDOWS\SYSTEM32\ntdll.dll
0x00007fffef770000 - 0x00007fffef839000 	C:\WINDOWS\System32\KERNEL32.DLL
0x00007fffed8a0000 - 0x00007fffedc98000 	C:\WINDOWS\System32\KERNELBASE.dll
0x00007fffee230000 - 0x00007fffee37b000 	C:\WINDOWS\System32\ucrtbase.dll
0x00007fffd10e0000 - 0x00007fffd10fb000 	C:\Program Files\Android\Android Studio\jbr\bin\VCRUNTIME140.dll
0x00007fffd3410000 - 0x00007fffd3428000 	C:\Program Files\Android\Android Studio\jbr\bin\jli.dll
0x00007fffeead0000 - 0x00007fffeec97000 	C:\WINDOWS\System32\USER32.dll
0x00007fffee200000 - 0x00007fffee227000 	C:\WINDOWS\System32\win32u.dll
0x00007fffd1810000 - 0x00007fffd1aa4000 	C:\WINDOWS\WinSxS\amd64_microsoft.windows.common-controls_6595b64144ccf1df_6.0.26100.7019_none_3e06ffa0e335b8a8\COMCTL32.dll
0x00007fffee440000 - 0x00007fffee46b000 	C:\WINDOWS\System32\GDI32.dll
0x00007fffee0d0000 - 0x00007fffee1fc000 	C:\WINDOWS\System32\gdi32full.dll
0x00007fffef5b0000 - 0x00007fffef659000 	C:\WINDOWS\System32\msvcrt.dll
0x00007fffee020000 - 0x00007fffee0c3000 	C:\WINDOWS\System32\msvcp_win.dll
0x00007ffff0620000 - 0x00007ffff0651000 	C:\WINDOWS\System32\IMM32.DLL
0x00007fffe6840000 - 0x00007fffe684c000 	C:\Program Files\Android\Android Studio\jbr\bin\vcruntime140_1.dll
0x00007fff86070000 - 0x00007fff860fd000 	C:\Program Files\Android\Android Studio\jbr\bin\msvcp140.dll
0x00007fff37490000 - 0x00007fff38126000 	C:\Program Files\Android\Android Studio\jbr\bin\server\jvm.dll
0x00007fffee9b0000 - 0x00007fffeea64000 	C:\WINDOWS\System32\ADVAPI32.dll
0x00007fffef4b0000 - 0x00007fffef556000 	C:\WINDOWS\System32\sechost.dll
0x00007fffee890000 - 0x00007fffee9a8000 	C:\WINDOWS\System32\RPCRT4.dll
0x00007fffef660000 - 0x00007fffef6d4000 	C:\WINDOWS\System32\WS2_32.dll
0x00007fffed4b0000 - 0x00007fffed50e000 	C:\WINDOWS\SYSTEM32\POWRPROF.dll
0x00007fffe5840000 - 0x00007fffe584b000 	C:\WINDOWS\SYSTEM32\VERSION.dll
0x00007fffe5410000 - 0x00007fffe5445000 	C:\WINDOWS\SYSTEM32\WINMM.dll
0x00007fffed490000 - 0x00007fffed4a4000 	C:\WINDOWS\SYSTEM32\UMPDC.dll
0x00007fffec5b0000 - 0x00007fffec5cb000 	C:\WINDOWS\SYSTEM32\kernel.appcore.dll
0x00007fffd4f40000 - 0x00007fffd4f4a000 	C:\Program Files\Android\Android Studio\jbr\bin\jimage.dll
0x00007fffdfc00000 - 0x00007fffdfe42000 	C:\WINDOWS\SYSTEM32\DBGHELP.DLL
0x00007fffee470000 - 0x00007fffee7fb000 	C:\WINDOWS\System32\combase.dll
0x00007fffef310000 - 0x00007fffef3e7000 	C:\WINDOWS\System32\OLEAUT32.dll
0x00007fffd17d0000 - 0x00007fffd180c000 	C:\WINDOWS\SYSTEM32\dbgcore.DLL
0x00007fffed7f0000 - 0x00007fffed895000 	C:\WINDOWS\System32\bcryptPrimitives.dll
0x00007fffd5090000 - 0x00007fffd509e000 	C:\Program Files\Android\Android Studio\jbr\bin\instrument.dll
0x00007fffd0940000 - 0x00007fffd0960000 	C:\Program Files\Android\Android Studio\jbr\bin\java.dll
0x00007fffcfeb0000 - 0x00007fffcfec8000 	C:\Program Files\Android\Android Studio\jbr\bin\zip.dll
0x00007fffefa20000 - 0x00007ffff016f000 	C:\WINDOWS\System32\SHELL32.dll
0x00007fffedca0000 - 0x00007fffede0b000 	C:\WINDOWS\System32\wintypes.dll
0x00007fffeb3f0000 - 0x00007fffebc4d000 	C:\WINDOWS\SYSTEM32\windows.storage.dll
0x00007fffef210000 - 0x00007fffef302000 	C:\WINDOWS\System32\SHCORE.dll
0x00007fffef9b0000 - 0x00007fffefa17000 	C:\WINDOWS\System32\shlwapi.dll
0x00007fffed710000 - 0x00007fffed739000 	C:\WINDOWS\SYSTEM32\profapi.dll
0x00007fffd4ec0000 - 0x00007fffd4ed0000 	C:\Program Files\Android\Android Studio\jbr\bin\net.dll
0x00007fffe5c10000 - 0x00007fffe5d38000 	C:\WINDOWS\SYSTEM32\WINHTTP.dll
0x00007fffecb20000 - 0x00007fffecb8b000 	C:\WINDOWS\system32\mswsock.dll
0x00007fffcf850000 - 0x00007fffcf866000 	C:\Program Files\Android\Android Studio\jbr\bin\nio.dll
0x00007fffd10d0000 - 0x00007fffd10e0000 	C:\Program Files\Android\Android Studio\jbr\bin\verify.dll
0x00007fffce270000 - 0x00007fffce297000 	C:\Users\maliz\.gradle\native\1def1411415f61bf3af743bc5b6707747c0891f09f0c88961ee8f79bc544acac\windows-amd64\native-platform.dll
0x00007fff98b70000 - 0x00007fff98be8000 	C:\Users\maliz\.gradle\native\0.2.7\x86_64-windows-gnu\gradle-fileevents.dll
0x00007fffd3400000 - 0x00007fffd3409000 	C:\Program Files\Android\Android Studio\jbr\bin\management.dll
0x00007fffd2fd0000 - 0x00007fffd2fdb000 	C:\Program Files\Android\Android Studio\jbr\bin\management_ext.dll
0x00007fffef850000 - 0x00007fffef858000 	C:\WINDOWS\System32\PSAPI.DLL
0x00007fffebfd0000 - 0x00007fffec004000 	C:\WINDOWS\SYSTEM32\IPHLPAPI.DLL
0x00007fffef840000 - 0x00007fffef84a000 	C:\WINDOWS\System32\NSI.dll
0x00007fffd3450000 - 0x00007fffd3459000 	C:\Program Files\Android\Android Studio\jbr\bin\extnet.dll
0x00007fffecde0000 - 0x00007fffecdfb000 	C:\WINDOWS\SYSTEM32\CRYPTSP.dll
0x00007fffec510000 - 0x00007fffec54a000 	C:\WINDOWS\system32\rsaenh.dll
0x00007fffecbd0000 - 0x00007fffecbfb000 	C:\WINDOWS\SYSTEM32\USERENV.dll
0x00007fffed6e0000 - 0x00007fffed70a000 	C:\WINDOWS\SYSTEM32\bcrypt.dll
0x00007fffece00000 - 0x00007fffece0c000 	C:\WINDOWS\SYSTEM32\CRYPTBASE.dll
0x00007fffc8f60000 - 0x00007fffc8f68000 	C:\WINDOWS\system32\wshunix.dll
0x00007fffec070000 - 0x00007fffec19c000 	C:\WINDOWS\SYSTEM32\DNSAPI.dll
0x00007fffe5830000 - 0x00007fffe583b000 	C:\Windows\System32\rasadhlp.dll
0x00007fffe7090000 - 0x00007fffe7116000 	C:\WINDOWS\System32\fwpuclnt.dll

JVMTI agents:
C:\Users\maliz\.gradle\wrapper\dists\gradle-8.13-bin\5xuhj0ry160q40clulazy9h7d\gradle-8.13\lib\agents\gradle-instrumentation-agent-8.13.jar path:C:\Program Files\Android\Android Studio\jbr\bin\instrument.dll, loaded, initialized, instrumentlib options:none

dbghelp: loaded successfully - version: 4.0.5 - missing functions: none
symbol engine: initialized successfully - sym options: 0x614 - pdb path: .;C:\Program Files\Android\Android Studio\jbr\bin;C:\WINDOWS\SYSTEM32;C:\WINDOWS\WinSxS\amd64_microsoft.windows.common-controls_6595b64144ccf1df_6.0.26100.7019_none_3e06ffa0e335b8a8;C:\Program Files\Android\Android Studio\jbr\bin\server;C:\Users\maliz\.gradle\native\1def1411415f61bf3af743bc5b6707747c0891f09f0c88961ee8f79bc544acac\windows-amd64;C:\Users\maliz\.gradle\native\0.2.7\x86_64-windows-gnu

VM Arguments:
jvm_args: --add-opens=java.base/java.lang=ALL-UNNAMED --add-opens=java.base/java.lang.invoke=ALL-UNNAMED --add-opens=java.base/java.util=ALL-UNNAMED --add-opens=java.prefs/java.util.prefs=ALL-UNNAMED --add-exports=jdk.compiler/com.sun.tools.javac.api=ALL-UNNAMED --add-exports=jdk.compiler/com.sun.tools.javac.util=ALL-UNNAMED --add-opens=java.base/java.util=ALL-UNNAMED --add-opens=java.prefs/java.util.prefs=ALL-UNNAMED --add-opens=java.base/java.nio.charset=ALL-UNNAMED --add-opens=java.base/java.net=ALL-UNNAMED --add-opens=java.base/java.util.concurrent.atomic=ALL-UNNAMED --add-opens=java.xml/javax.xml.namespace=ALL-UNNAMED -Xmx2048m -Dfile.encoding=UTF-8 -Duser.country=FR -Duser.language=fr -Duser.variant -javaagent:C:\Users\maliz\.gradle\wrapper\dists\gradle-8.13-bin\5xuhj0ry160q40clulazy9h7d\gradle-8.13\lib\agents\gradle-instrumentation-agent-8.13.jar 
java_command: org.gradle.launcher.daemon.bootstrap.GradleDaemon 8.13
java_class_path (initial): C:\Users\maliz\.gradle\wrapper\dists\gradle-8.13-bin\5xuhj0ry160q40clulazy9h7d\gradle-8.13\lib\gradle-daemon-main-8.13.jar
Launcher Type: SUN_STANDARD

[Global flags]
     intx CICompilerCount                          = 4                                         {product} {ergonomic}
     uint ConcGCThreads                            = 3                                         {product} {ergonomic}
     uint G1ConcRefinementThreads                  = 10                                        {product} {ergonomic}
   size_t G1HeapRegionSize                         = 1048576                                   {product} {ergonomic}
    uintx GCDrainStackTargetSize                   = 64                                        {product} {ergonomic}
   size_t InitialHeapSize                          = 123731968                                 {product} {ergonomic}
   size_t MarkStackSize                            = 4194304                                   {product} {ergonomic}
   size_t MaxHeapSize                              = 2147483648                                {product} {command line}
   size_t MaxNewSize                               = 1287651328                                {product} {ergonomic}
   size_t MinHeapDeltaBytes                        = 1048576                                   {product} {ergonomic}
   size_t MinHeapSize                              = 8388608                                   {product} {ergonomic}
    uintx NonNMethodCodeHeapSize                   = 5839372                                {pd product} {ergonomic}
    uintx NonProfiledCodeHeapSize                  = 122909434                              {pd product} {ergonomic}
    uintx ProfiledCodeHeapSize                     = 122909434                              {pd product} {ergonomic}
    uintx ReservedCodeCacheSize                    = 251658240                              {pd product} {ergonomic}
     bool SegmentedCodeCache                       = true                                      {product} {ergonomic}
   size_t SoftMaxHeapSize                          = 2147483648                             {manageable} {ergonomic}
     bool UseCompressedOops                        = true                           {product lp64_product} {ergonomic}
     bool UseG1GC                                  = true                                      {product} {ergonomic}
     bool UseLargePagesIndividualAllocation        = false                                  {pd product} {ergonomic}

Logging:
Log output configuration:
 #0: stdout all=warning uptime,level,tags foldmultilines=false
 #1: stderr all=off uptime,level,tags foldmultilines=false

Environment Variables:
JAVA_HOME=C:\Program Files\Java\jdk-21
PATH=C:\Python314\Scripts\;C:\Python314\;C:\Program Files\Common Files\Oracle\Java\javapath;C:\windows\system32;C:\windows;C:\windows\System32\Wbem;C:\windows\System32\WindowsPowerShell\v1.0\;C:\windows\System32\OpenSSH\;C:\Program Files\Microsoft SQL Server\150\Tools\Binn\;C:\Program Files\Microsoft SQL Server\Client SDK\ODBC\170\Tools\Binn\;C:\Program Files\dotnet\;C:\Program Files (x86)\Windows Kits\10\Windows Performance Toolkit\;C:\Program Files\HP\HP One Agent;C:\Program Files (x86)\Microsoft SQL Server\160\Tools\Binn\;C:\Program Files\Microsoft SQL Server\160\Tools\Binn\;C:\Program Files\Microsoft SQL Server\160\DTS\Binn\;C:\Program Files (x86)\Microsoft SQL Server\160\DTS\Binn\;C:\ProgramData\chocolatey\bin;C:\Program Files\Java\jdk-21\bin;C:\WINDOWS\system32;C:\WINDOWS;C:\WINDOWS\System32\Wbem;C:\WINDOWS\System32\WindowsPowerShell\v1.0\;C:\WINDOWS\System32\OpenSSH\;C:\Program Files\nodejs\;C:\Program Files\Git\cmd;C:\Users\maliz;C:\Users\maliz\.dotnet\tools;C:\Users\maliz\AppData\Local\Programs\Microsoft VS Code\bin;C:\Program Files (x86)\Rico Suter\NSwagStudio\;C:\ProgramData\Microsoft\Windows\Start Menu\Programs\MySQL\MySQL Workbench 8.0 CE.lnk;C:\Users\maliz\AppData\Local\Microsoft\WindowsApps;C:\Program Files\apache-maven-3.9.11\bin;C:\Users\maliz\AppData\Roaming\npm;C:\moneylink\flutter\bin;
USERNAME=maliz
OS=Windows_NT
PROCESSOR_IDENTIFIER=AMD64 Family 23 Model 104 Stepping 1, AuthenticAMD
TMP=C:\Users\maliz\AppData\Local\Temp
TEMP=C:\Users\maliz\AppData\Local\Temp




Periodic native trim disabled

JNI global refs:
JNI global refs: 29, weak refs: 0

JNI global refs memory usage: 835, weak refs: 833

Process memory usage:
Resident Set Size: 715208K (9% of 7681724K total physical memory with 760784K free physical memory)

OOME stack traces (most recent first):
Classloader memory used:
Loader org.gradle.internal.classloader.VisitableURLClassLoader                         : 104M
Loader bootstrap                                                                       : 31444K
Loader org.gradle.initialization.MixInLegacyTypesClassLoader                           : 11849K
Loader org.gradle.internal.classloader.VisitableURLClassLoader$InstrumentingVisitableURLClassLoader: 10483K
Loader org.gradle.internal.classloader.VisitableURLClassLoader                         : 940K
Loader jdk.internal.loader.ClassLoaders$PlatformClassLoader                            : 821K
Loader jdk.internal.jrtfs.JrtFileSystemProvider$JrtFsLoader                            : 341K
Loader jdk.internal.reflect.DelegatingClassLoader                                      : 301K
Loader jdk.internal.loader.ClassLoaders$AppClassLoader                                 : 235K
Loader org.gradle.groovy.scripts.internal.DefaultScriptCompilationHandler$ScriptClassLoader: 90088B
Loader org.codehaus.groovy.runtime.callsite.CallSiteClassLoader                        : 49032B

Classes loaded by more than one classloader:
Class Program                                                                         : loaded 4 times (x 74B)
Class org.gradle.api.GradleException                                                  : loaded 3 times (x 82B)
Class com.google.common.collect.RegularImmutableMap$KeySet                            : loaded 2 times (x 152B)
Class kotlin.NotImplementedError                                                      : loaded 2 times (x 82B)
Class org.gradle.internal.classloader.FilteringClassLoader                            : loaded 2 times (x 105B)
Class com.google.common.base.CharMatcher$IsEither                                     : loaded 2 times (x 111B)
Class jdk.internal.jimage.BasicImageReader                                            : loaded 2 times (x 95B)
Class org.gradle.internal.classloader.ClassLoaderHierarchy                            : loaded 2 times (x 70B)
Class com.google.common.collect.ImmutableEnumSet                                      : loaded 2 times (x 146B)
Class com.google.common.util.concurrent.ExecutionError                                : loaded 2 times (x 82B)
Class com.google.common.collect.ImmutableList$1                                       : loaded 2 times (x 97B)
Class org.gradle.api.internal.classpath.ManifestUtil                                  : loaded 2 times (x 71B)
Class com.google.common.collect.RegularImmutableMap                                   : loaded 2 times (x 121B)
Class com.google.common.collect.ImmutableMap$MapViewOfValuesAsSingletonSets           : loaded 2 times (x 126B)
Class org.jetbrains.plugins.gradle.model.GradleExtensions                             : loaded 2 times (x 70B)
Class org.jetbrains.plugins.gradle.model.AnnotationProcessingModel                    : loaded 2 times (x 70B)
Class [Lorg.objectweb.asm.Symbol;                                                     : loaded 2 times (x 69B)
Class org.objectweb.asm.ClassVisitor                                                  : loaded 2 times (x 88B)
Class com.google.common.collect.UnmodifiableListIterator                              : loaded 2 times (x 95B)
Class jdk.internal.jimage.decompressor.StringSharingDecompressorFactory               : loaded 2 times (x 74B)
Class org.gradle.internal.operations.MultipleBuildOperationFailures                   : loaded 2 times (x 95B)
Class org.objectweb.asm.MethodTooLargeException                                       : loaded 2 times (x 83B)
Class [Lcom.google.common.cache.CacheBuilder$OneWeigher;                              : loaded 2 times (x 69B)
Class com.google.common.base.Suppliers                                                : loaded 2 times (x 71B)
Class org.gradle.internal.classloader.DefaultClassLoaderFactory                       : loaded 2 times (x 82B)
Class kotlin.collections.AbstractList$Companion                                       : loaded 2 times (x 71B)
Class org.gradle.internal.classloader.ClassLoaderVisitor                              : loaded 2 times (x 76B)
Class [Lcom.google.common.collect.ImmutableMapEntry;                                  : loaded 2 times (x 69B)
Class org.gradle.api.internal.classpath.EffectiveClassPath                            : loaded 2 times (x 90B)
Class com.google.common.collect.ListMultimap                                          : loaded 2 times (x 70B)
Class com.google.common.collect.ImmutableEnumMap                                      : loaded 2 times (x 126B)
Class org.gradle.tooling.internal.gradle.DefaultProjectIdentifier                     : loaded 2 times (x 86B)
Class com.google.common.collect.Sets$1                                                : loaded 2 times (x 139B)
Class org.objectweb.asm.AnnotationVisitor                                             : loaded 2 times (x 78B)
Class org.gradle.api.internal.DefaultClassPathProvider                                : loaded 2 times (x 76B)
Class com.google.common.collect.Sets$2                                                : loaded 2 times (x 139B)
Class [Lorg.gradle.api.internal.ClassPathProvider;                                    : loaded 2 times (x 69B)
Class org.gradle.api.internal.ClassPathProvider                                       : loaded 2 times (x 70B)
Class [Lorg.objectweb.asm.AnnotationVisitor;                                          : loaded 2 times (x 69B)
Class com.google.common.collect.Sets$3                                                : loaded 2 times (x 139B)
Class com.google.common.util.concurrent.AbstractFuture$SafeAtomicHelper               : loaded 2 times (x 79B)
Class com.google.common.cache.LocalCache$LocalLoadingCache                            : loaded 2 times (x 134B)
Class jdk.internal.jrtfs.SystemImage                                                  : loaded 2 times (x 74B)
Class org.gradle.internal.service.UnknownServiceException                             : loaded 2 times (x 83B)
Class com.google.common.collect.Sets$4                                                : loaded 2 times (x 139B)
Class org.objectweb.asm.ModuleVisitor                                                 : loaded 2 times (x 81B)
Class com.google.common.cache.LocalCache$Strength$1                                   : loaded 2 times (x 81B)
Class org.jetbrains.kotlin.idea.gradleTooling.KotlinDslScriptAdditionalTask           : loaded 2 times (x 70B)
Class com.google.common.util.concurrent.SettableFuture                                : loaded 2 times (x 114B)
Class com.google.common.cache.LocalCache$Strength$2                                   : loaded 2 times (x 81B)
Class com.google.common.cache.LocalCache$Strength$3                                   : loaded 2 times (x 81B)
Class com.google.common.collect.MapDifference                                         : loaded 2 times (x 70B)
Class org.objectweb.asm.FieldWriter                                                   : loaded 2 times (x 78B)
Class com.google.common.cache.CacheBuilder$NullListener                               : loaded 2 times (x 82B)
Class org.gradle.internal.classpath.TransformedClassPath                              : loaded 2 times (x 96B)
Class org.gradle.internal.classloader.InstrumentingClassLoader                        : loaded 2 times (x 70B)
Class com.google.common.cache.CacheLoader$FunctionToCacheLoader                       : loaded 2 times (x 75B)
Class com.google.common.collect.Iterators$ArrayItr                                    : loaded 2 times (x 97B)
Class com.google.common.collect.ImmutableCollection$Builder                           : loaded 2 times (x 76B)
Class jdk.internal.jrtfs.SystemImage$1                                                : loaded 2 times (x 78B)
Class kotlin.enums.EnumEntriesList                                                    : loaded 2 times (x 223B)
Class com.google.common.base.Joiner                                                   : loaded 2 times (x 79B)
Class com.google.common.base.MoreObjects                                              : loaded 2 times (x 71B)
Class jdk.internal.jrtfs.SystemImage$2                                                : loaded 2 times (x 76B)
Class com.google.common.collect.Platform                                              : loaded 2 times (x 71B)
Class [Lorg.objectweb.asm.Type;                                                       : loaded 2 times (x 69B)
Class com.google.common.collect.UnmodifiableIterator                                  : loaded 2 times (x 80B)
Class com.google.common.base.PairwiseEquivalence                                      : loaded 2 times (x 83B)
Class org.jetbrains.plugins.gradle.model.IntelliJSettings                             : loaded 2 times (x 70B)
Class sync_studio_tooling_ef6oybd3ddok9k6eb2wq7dm0q                                   : loaded 2 times (x 179B)
Class org.gradle.internal.service.ServiceLocator                                      : loaded 2 times (x 70B)
Class com.google.common.base.Ascii                                                    : loaded 2 times (x 71B)
Class com.google.common.collect.SingletonImmutableBiMap                               : loaded 2 times (x 143B)
Class com.google.common.cache.LocalCache$1                                            : loaded 2 times (x 89B)
Class com.google.common.collect.AbstractMapEntry                                      : loaded 2 times (x 81B)
Class jdk.internal.jrtfs.JrtFileSystemProvider                                        : loaded 2 times (x 101B)
Class org.gradle.tooling.model.UnsupportedMethodException                             : loaded 2 times (x 82B)
Class com.google.common.collect.AbstractMultimap                                      : loaded 2 times (x 123B)
Class com.google.common.cache.LocalCache$2                                            : loaded 2 times (x 142B)
Class com.google.common.util.concurrent.AbstractFuture$UnsafeAtomicHelper$1           : loaded 2 times (x 76B)
Class com.google.common.collect.RegularImmutableAsList                                : loaded 2 times (x 217B)
Class com.google.common.util.concurrent.AbstractFuture$Trusted                        : loaded 2 times (x 70B)
Class com.google.common.collect.Iterators                                             : loaded 2 times (x 71B)
Class com.intellij.compose.ide.plugin.gradleTooling.rt.ComposeResourcesModel          : loaded 2 times (x 70B)
Class com.google.common.collect.Lists$StringAsImmutableList                           : loaded 2 times (x 207B)
Class com.google.common.util.concurrent.UncheckedExecutionException                   : loaded 2 times (x 82B)
Class org.gradle.kotlin.dsl.VersionCatalogAccessorsKt                                 : loaded 2 times (x 71B)
Class jdk.internal.jimage.ImageLocation                                               : loaded 2 times (x 90B)
Class jdk.internal.jrtfs.JrtDirectoryStream$1                                         : loaded 2 times (x 83B)
Class org.gradle.internal.InternalTransformer                                         : loaded 2 times (x 70B)
Class org.objectweb.asm.ClassWriter                                                   : loaded 2 times (x 106B)
Class com.google.common.cache.CacheLoader$UnsupportedLoadingOperationException        : loaded 2 times (x 82B)
Class com.google.common.base.CharMatcher$And                                          : loaded 2 times (x 112B)
Class jdk.internal.jimage.ImageBufferCache$1                                          : loaded 2 times (x 83B)
Class org.gradle.internal.time.DefaultTimer                                           : loaded 2 times (x 80B)
Class org.gradle.internal.classloader.ClasspathUtil$1                                 : loaded 2 times (x 76B)
Class org.objectweb.asm.FieldVisitor                                                  : loaded 2 times (x 77B)
Class com.google.common.collect.IndexedImmutableSet                                   : loaded 2 times (x 152B)
Class com.google.common.collect.BiMap                                                 : loaded 2 times (x 70B)
Class com.google.common.collect.ImmutableMap$1                                        : loaded 2 times (x 81B)
Class jdk.internal.jimage.ImageBufferCache$2                                          : loaded 2 times (x 91B)
Class org.gradle.api.internal.classpath.DefaultModuleRegistry$DefaultModule           : loaded 2 times (x 86B)
Class com.google.common.primitives.Ints                                               : loaded 2 times (x 71B)
Class com.google.common.collect.AbstractIterator                                      : loaded 2 times (x 82B)
Class com.google.common.collect.ObjectArrays                                          : loaded 2 times (x 71B)
Class com.google.common.collect.Multiset                                              : loaded 2 times (x 70B)
Class com.google.common.collect.ArrayListMultimapGwtSerializationDependencies         : loaded 2 times (x 172B)
Class com.google.common.collect.AbstractIndexedListIterator                           : loaded 2 times (x 96B)
Class com.google.common.math.MathPreconditions                                        : loaded 2 times (x 71B)
Class org.gradle.internal.time.DefaultCountdownTimer                                  : loaded 2 times (x 88B)
Class com.google.common.collect.ImmutableMapEntrySet                                  : loaded 2 times (x 152B)
Class org.gradle.tooling.internal.gradle.DefaultBuildIdentifier                       : loaded 2 times (x 79B)
Class kotlin.Function                                                                 : loaded 2 times (x 70B)
Class org.gradle.api.internal.classpath.Module                                        : loaded 2 times (x 70B)
Class com.google.common.cache.Weigher                                                 : loaded 2 times (x 70B)
Class org.gradle.api.internal.classpath.UnknownModuleException                        : loaded 2 times (x 82B)
Class com.google.common.base.Stopwatch                                                : loaded 2 times (x 72B)
Class com.google.common.cache.LocalCache$Strength                                     : loaded 2 times (x 81B)
Class com.google.common.cache.Cache                                                   : loaded 2 times (x 70B)
Class jdk.internal.jimage.ImageHeader                                                 : loaded 2 times (x 71B)
Class com.intellij.openapi.externalSystem.model.project.dependencies.ProjectDependencies: loaded 2 times (x 70B)
Class com.google.common.util.concurrent.AbstractFuture$Cancellation                   : loaded 2 times (x 72B)
Class com.google.common.collect.ImmutableMap$Builder                                  : loaded 2 times (x 82B)
Class com.google.common.cache.RemovalListener                                         : loaded 2 times (x 70B)
Class org.gradle.tooling.internal.gradle.GradleProjectIdentity                        : loaded 2 times (x 70B)
Class org.gradle.api.internal.DefaultClassPathRegistry                                : loaded 2 times (x 76B)
Class com.google.common.primitives.IntsMethodsForWeb                                  : loaded 2 times (x 71B)
Class com.google.common.collect.Multimap                                              : loaded 2 times (x 70B)
Class org.gradle.api.internal.ClassPathRegistry                                       : loaded 2 times (x 70B)
Class org.gradle.internal.classpath.DefaultClassPath$ImmutableUniqueList              : loaded 2 times (x 199B)
Class jdk.internal.jimage.decompressor.ResourceDecompressor                           : loaded 2 times (x 70B)
Class com.google.common.cache.CacheBuilder                                            : loaded 2 times (x 72B)
Class com.google.common.collect.SingletonImmutableList                                : loaded 2 times (x 207B)
Class org.jetbrains.kotlin.idea.gradleTooling.KotlinSourceSetContainer                : loaded 2 times (x 70B)
Class Settings_gradle$1                                                               : loaded 2 times (x 74B)
Class org.gradle.internal.classpath.ClassPath                                         : loaded 2 times (x 70B)
Class org.gradle.api.UncheckedIOException                                             : loaded 2 times (x 82B)
Class com.google.common.collect.ImmutableList$ReverseImmutableList                    : loaded 2 times (x 209B)
Class org.objectweb.asm.SymbolTable$Entry                                             : loaded 2 times (x 74B)
Class com.google.common.util.concurrent.AbstractFuture$AtomicHelper                   : loaded 2 times (x 78B)
Class org.jetbrains.kotlin.idea.gradleTooling.KotlinGradleModel                       : loaded 2 times (x 70B)
Class org.objectweb.asm.Edge                                                          : loaded 2 times (x 72B)
Class com.google.common.base.Suppliers$SupplierOfInstance                             : loaded 2 times (x 79B)
Class com.google.common.collect.Iterators$1                                           : loaded 2 times (x 81B)
Class jdk.internal.jimage.ImageStringsReader                                          : loaded 2 times (x 80B)
Class org.gradle.tooling.model.Model                                                  : loaded 2 times (x 70B)
Class com.google.common.cache.LocalCache$ComputingValueReference                      : loaded 2 times (x 96B)
Class com.google.common.collect.SingletonImmutableSet                                 : loaded 2 times (x 146B)
Class com.google.common.collect.ImmutableMap$IteratorBasedImmutableMap                : loaded 2 times (x 126B)
Class kotlin.UninitializedPropertyAccessException                                     : loaded 2 times (x 82B)
Class com.google.common.cache.LocalCache$Segment                                      : loaded 2 times (x 154B)
Class jdk.internal.jimage.ImageReader                                                 : loaded 2 times (x 75B)
Class org.jetbrains.plugins.gradle.model.IntelliJProjectSettings                      : loaded 2 times (x 70B)
Class com.google.common.collect.AbstractListMultimap                                  : loaded 2 times (x 172B)
Class [Lorg.objectweb.asm.SymbolTable$Entry;                                          : loaded 2 times (x 69B)
Class com.google.common.cache.CacheLoader                                             : loaded 2 times (x 74B)
Class com.google.common.collect.Iterators$4                                           : loaded 2 times (x 82B)
Class com.google.common.collect.ImmutableBiMap                                        : loaded 2 times (x 143B)
Class jdk.internal.jimage.ImageReader$SharedImageReader                               : loaded 2 times (x 95B)
Class org.gradle.internal.installation.GradleInstallation$1                           : loaded 2 times (x 75B)
Class org.gradle.api.internal.classpath.ModuleRegistry                                : loaded 2 times (x 70B)
Class com.google.common.util.concurrent.internal.InternalFutureFailureAccess          : loaded 2 times (x 72B)
Class com.google.common.collect.Iterators$5                                           : loaded 2 times (x 82B)
Class com.google.common.collect.ImmutableSet$JdkBackedSetBuilderImpl                  : loaded 2 times (x 76B)
Class jdk.internal.jimage.decompressor.ResourceDecompressorFactory                    : loaded 2 times (x 74B)
Class org.jetbrains.plugins.gradle.model.VersionCatalogsModel                         : loaded 2 times (x 70B)
Class com.google.common.util.concurrent.AbstractFuture$UnsafeAtomicHelper             : loaded 2 times (x 78B)
Class com.google.common.cache.LocalCache$LocalManualCache$1                           : loaded 2 times (x 75B)
Class com.google.common.base.CharMatcher$ForPredicate                                 : loaded 2 times (x 112B)
Class com.google.common.base.CharMatcher$AnyOf                                        : loaded 2 times (x 112B)
Class com.google.common.collect.ImmutableCollection                                   : loaded 2 times (x 125B)
Class jdk.internal.jimage.ImageReader$Node                                            : loaded 2 times (x 84B)
Class org.gradle.api.internal.classpath.DefaultModuleRegistry                         : loaded 2 times (x 86B)
Class com.google.common.collect.Lists                                                 : loaded 2 times (x 71B)
Class com.google.common.util.concurrent.ListenableFuture                              : loaded 2 times (x 70B)
Class com.google.common.cache.ReferenceEntry                                          : loaded 2 times (x 70B)
Class com.google.common.base.Converter                                                : loaded 2 times (x 90B)
Class com.google.common.collect.ImmutableSet$CachingAsList                            : loaded 2 times (x 148B)
Class jdk.internal.jimage.BasicImageReader$1                                          : loaded 2 times (x 77B)
Class com.google.common.collect.AbstractMapBasedMultimap                              : loaded 2 times (x 139B)
Class com.google.common.util.concurrent.AbstractFuture                                : loaded 2 times (x 106B)
Class com.google.common.base.FunctionalEquivalence                                    : loaded 2 times (x 83B)
Class com.google.common.collect.Iterators$9                                           : loaded 2 times (x 81B)
Class com.google.common.collect.ImmutableAsList                                       : loaded 2 times (x 209B)
Class org.objectweb.asm.RecordComponentVisitor                                        : loaded 2 times (x 77B)
Class com.google.common.cache.CacheLoader$SupplierToCacheLoader                       : loaded 2 times (x 75B)
Class com.google.common.collect.Maps$EntryTransformer                                 : loaded 2 times (x 70B)
Class jdk.internal.jimage.decompressor.Decompressor                                   : loaded 2 times (x 72B)
Class jdk.internal.jimage.ImageReader$Resource                                        : loaded 2 times (x 84B)
Class org.gradle.internal.time.MonotonicClock                                         : loaded 2 times (x 77B)
Class org.gradle.internal.service.ServiceLookupException                              : loaded 2 times (x 82B)
Class [Lcom.google.common.cache.LocalCache$EntryFactory;                              : loaded 2 times (x 69B)
Class jdk.internal.jrtfs.JrtFileAttributes                                            : loaded 2 times (x 83B)
Class org.gradle.internal.classloader.ClassLoaderFactory                              : loaded 2 times (x 70B)
Class com.google.common.cache.LocalCache$LocalManualCache                             : loaded 2 times (x 99B)
Class com.google.common.base.CharMatcher$IsNot                                        : loaded 2 times (x 111B)
Class org.gradle.internal.service.CachingServiceLocator                               : loaded 2 times (x 82B)
Class com.google.common.math.IntMath                                                  : loaded 2 times (x 71B)
Class org.jetbrains.plugins.gradle.model.RepositoryModels                             : loaded 2 times (x 70B)
Class org.objectweb.asm.commons.InstructionAdapter                                    : loaded 2 times (x 188B)
Class com.google.common.collect.ImmutableMapEntry                                     : loaded 2 times (x 85B)
Class org.gradle.internal.time.TimeSource                                             : loaded 2 times (x 70B)
Class com.google.common.base.Equivalence                                              : loaded 2 times (x 82B)
Class com.google.common.base.Function                                                 : loaded 2 times (x 70B)
Class com.google.common.collect.ImmutableMapEntry$NonTerminalImmutableMapEntry        : loaded 2 times (x 85B)
Class org.gradle.tooling.internal.gradle.GradleBuildIdentity                          : loaded 2 times (x 70B)
Class kotlin.enums.EnumEntries                                                        : loaded 2 times (x 70B)
Class com.google.common.cache.CacheBuilder$OneWeigher                                 : loaded 2 times (x 82B)
Class com.google.common.collect.RegularImmutableList                                  : loaded 2 times (x 213B)
Class org.gradle.internal.exceptions.ResolutionProvider                               : loaded 2 times (x 70B)
Class jdk.internal.jimage.ImageBufferCache                                            : loaded 2 times (x 71B)
Class jdk.internal.jrtfs.JrtPath                                                      : loaded 2 times (x 118B)
Class org.gradle.tooling.model.ProjectIdentifier                                      : loaded 2 times (x 70B)
Class org.gradle.internal.classloader.ClasspathUtil                                   : loaded 2 times (x 71B)
Class com.google.common.base.Charsets                                                 : loaded 2 times (x 71B)
Class com.google.common.util.concurrent.Uninterruptibles                              : loaded 2 times (x 71B)
Class com.google.common.collect.Maps                                                  : loaded 2 times (x 71B)
Class org.gradle.internal.time.TimeSource$1                                           : loaded 2 times (x 77B)
Class kotlin.jvm.internal.DefaultConstructorMarker                                    : loaded 2 times (x 71B)
Class org.gradle.api.specs.Spec                                                       : loaded 2 times (x 70B)
Class [Lcom.google.common.collect.ImmutableEntry;                                     : loaded 2 times (x 69B)
Class jdk.internal.jimage.ImageReader$SharedImageReader$LocationVisitor               : loaded 2 times (x 70B)
Class com.google.common.cache.LocalCache$LoadingValueReference                        : loaded 2 times (x 96B)
Class Build_gradle$1                                                                  : loaded 2 times (x 78B)
Class jdk.internal.jimage.decompressor.ResourceDecompressorRepository                 : loaded 2 times (x 71B)
Class org.gradle.internal.time.Clock                                                  : loaded 2 times (x 70B)
Class [Lorg.objectweb.asm.AnnotationWriter;                                           : loaded 2 times (x 69B)
Class com.google.common.collect.Maps$8                                                : loaded 2 times (x 82B)
Class jdk.internal.jimage.ImageReader$Directory                                       : loaded 2 times (x 84B)
Class kotlin.collections.AbstractList                                                 : loaded 2 times (x 197B)
Class kotlin.collections.AbstractCollection                                           : loaded 2 times (x 117B)
Class com.google.common.collect.Sets$SetView                                          : loaded 2 times (x 138B)
Class com.google.common.cache.LocalCache$StrongValueReference                         : loaded 2 times (x 90B)
Class com.google.common.util.concurrent.AbstractFuture$SynchronizedHelper             : loaded 2 times (x 78B)
Class org.objectweb.asm.Type                                                          : loaded 2 times (x 72B)
Class org.gradle.internal.classloader.VisitableURLClassLoader$InstrumentingVisitableURLClassLoader: loaded 2 times (x 123B)
Class org.objectweb.asm.ByteVector                                                    : loaded 2 times (x 79B)
Class [Lcom.google.common.cache.CacheBuilder$NullListener;                            : loaded 2 times (x 69B)
Class com.google.common.math.IntMath$1                                                : loaded 2 times (x 71B)
Class org.gradle.internal.classloader.VisitableURLClassLoader$Spec                    : loaded 2 times (x 74B)
Class org.gradle.internal.classpath.DefaultClassPath                                  : loaded 2 times (x 90B)
Class org.objectweb.asm.Symbol                                                        : loaded 2 times (x 73B)
Class jdk.internal.jimage.decompressor.ZipDecompressorFactory                         : loaded 2 times (x 74B)
Class com.google.common.base.CharMatcher$Ascii                                        : loaded 2 times (x 112B)
Class com.google.common.base.CharMatcher$BitSetMatcher                                : loaded 2 times (x 112B)
Class com.google.common.collect.RegularImmutableMap$Values                            : loaded 2 times (x 207B)
Class com.google.common.collect.ImmutableSet                                          : loaded 2 times (x 145B)
Class org.gradle.internal.classloader.ClassLoaderSpec                                 : loaded 2 times (x 71B)
Class org.objectweb.asm.AnnotationWriter                                              : loaded 2 times (x 79B)
Class com.google.common.cache.CacheStats                                              : loaded 2 times (x 71B)
Class org.objectweb.asm.RecordComponentWriter                                         : loaded 2 times (x 78B)
Class com.google.common.util.concurrent.AbstractFuture$Listener                       : loaded 2 times (x 72B)
Class com.google.common.base.CharMatcher$Or                                           : loaded 2 times (x 112B)
Class Settings_gradle$1$1                                                             : loaded 2 times (x 74B)
Class kotlin.Unit                                                                     : loaded 2 times (x 71B)
Class org.objectweb.asm.Attribute                                                     : loaded 2 times (x 77B)
Class com.google.common.base.Supplier                                                 : loaded 2 times (x 70B)
Class org.gradle.internal.classloader.VisitableURLClassLoader                         : loaded 2 times (x 117B)
Class com.google.common.util.concurrent.AbstractFuture$Waiter                         : loaded 2 times (x 72B)
Class Settings_gradle                                                                 : loaded 2 times (x 128B)
Class org.gradle.internal.Cast                                                        : loaded 2 times (x 71B)
Class org.gradle.api.Action                                                           : loaded 2 times (x 70B)
Class com.google.common.collect.Sets                                                  : loaded 2 times (x 71B)
Class org.objectweb.asm.Handler                                                       : loaded 2 times (x 72B)
Class com.google.common.base.Ticker                                                   : loaded 2 times (x 72B)
Class com.google.common.base.CharMatcher$FastMatcher                                  : loaded 2 times (x 111B)
Class jdk.internal.jimage.decompressor.ZipDecompressor                                : loaded 2 times (x 75B)
Class kotlin.jvm.functions.Function1                                                  : loaded 2 times (x 70B)
Class [Lcom.google.common.cache.LocalCache$Segment;                                   : loaded 2 times (x 69B)
Class [Lcom.google.common.cache.LocalCache$Strength;                                  : loaded 2 times (x 69B)
Class com.google.common.cache.CacheBuilder$1                                          : loaded 2 times (x 85B)
Class com.google.common.base.Predicate                                                : loaded 2 times (x 70B)
Class com.google.common.collect.ImmutableMap                                          : loaded 2 times (x 120B)
Class org.gradle.internal.classpath.DefaultClassPath$ImmutableUniqueList$Builder      : loaded 2 times (x 75B)
Class com.google.common.cache.LocalCache                                              : loaded 2 times (x 187B)
Class com.google.common.cache.CacheBuilder$2                                          : loaded 2 times (x 79B)
Class com.google.common.base.CharMatcher$NegatedFastMatcher                           : loaded 2 times (x 113B)
Class com.google.common.collect.ArrayListMultimap                                     : loaded 2 times (x 172B)
Class com.google.common.cache.CacheBuilder$3                                          : loaded 2 times (x 72B)
Class [Lcom.google.common.collect.AbstractMapEntry;                                   : loaded 2 times (x 69B)
Class com.google.common.collect.ImmutableEntry                                        : loaded 2 times (x 82B)
Class com.google.common.base.Equivalence$Identity                                     : loaded 2 times (x 82B)
Class org.gradle.internal.exceptions.NonGradleCauseExceptionsHolder                   : loaded 2 times (x 70B)
Class com.google.common.collect.CollectPreconditions                                  : loaded 2 times (x 71B)
Class jdk.internal.jimage.ImageStrings                                                : loaded 2 times (x 70B)
Class com.google.common.collect.SortedMapDifference                                   : loaded 2 times (x 70B)
Class org.jetbrains.plugins.gradle.tooling.ModelBuilderService$Parameter              : loaded 2 times (x 70B)
Class com.google.common.cache.LocalCache$EntryFactory                                 : loaded 2 times (x 83B)
Class com.google.common.cache.LocalCache$AbstractReferenceEntry                       : loaded 2 times (x 107B)
Class kotlin.enums.EnumEntriesKt                                                      : loaded 2 times (x 71B)
Class org.gradle.internal.IoActions                                                   : loaded 2 times (x 71B)
Class org.objectweb.asm.SymbolTable                                                   : loaded 2 times (x 72B)
Class com.google.common.cache.CacheLoader$InvalidCacheLoadException                   : loaded 2 times (x 82B)
Class com.google.common.collect.ImmutableSet$RegularSetBuilderImpl                    : loaded 2 times (x 77B)
Class org.gradle.internal.classloader.SystemClassLoaderSpec                           : loaded 2 times (x 71B)
Class com.google.common.cache.LocalCache$StrongEntry                                  : loaded 2 times (x 108B)
Class com.google.common.util.concurrent.AbstractFuture$TrustedFuture                  : loaded 2 times (x 114B)
Class com.google.common.cache.LoadingCache                                            : loaded 2 times (x 70B)
Class org.gradle.internal.exceptions.MultiCauseException                              : loaded 2 times (x 70B)
Class org.gradle.internal.time.CountdownTimer                                         : loaded 2 times (x 70B)
Class kotlin.jvm.internal.Intrinsics                                                  : loaded 2 times (x 71B)
Class org.objectweb.asm.MethodWriter                                                  : loaded 2 times (x 106B)
Class [Lcom.google.common.cache.Weigher;                                              : loaded 2 times (x 69B)
Class com.google.common.collect.RegularImmutableMap$BucketOverflowException           : loaded 2 times (x 82B)
Class jdk.internal.jrtfs.JrtFileSystem                                                : loaded 2 times (x 102B)
Class org.gradle.tooling.model.ProjectModel                                           : loaded 2 times (x 70B)
Class jdk.internal.jimage.decompressor.CompressedResourceHeader                       : loaded 2 times (x 71B)
Class kotlin.KotlinNullPointerException                                               : loaded 2 times (x 83B)
Class com.google.common.collect.RegularImmutableBiMap                                 : loaded 2 times (x 149B)
Class com.google.common.cache.LocalCache$ValueReference                               : loaded 2 times (x 70B)
Class com.google.common.base.CharMatcher$Is                                           : loaded 2 times (x 111B)
Class com.google.common.base.CharMatcher$Negated                                      : loaded 2 times (x 113B)
Class org.jetbrains.plugins.gradle.model.tests.ExternalTestsModel                     : loaded 2 times (x 70B)
Class ijInit1_55e6kkbh1r2jqnz9ci9cs1vsf                                               : loaded 2 times (x 179B)
Class org.gradle.internal.exceptions.DefaultMultiCauseException                       : loaded 2 times (x 95B)
Class com.google.common.util.concurrent.AbstractFuture$Failure                        : loaded 2 times (x 72B)
Class com.google.common.base.Equivalence$Equals                                       : loaded 2 times (x 82B)
Class com.google.common.collect.Hashing                                               : loaded 2 times (x 71B)
Class com.google.common.base.Preconditions                                            : loaded 2 times (x 71B)
Class com.google.common.base.Joiner$1                                                 : loaded 2 times (x 80B)
Class org.objectweb.asm.Label                                                         : loaded 2 times (x 73B)
Class org.objectweb.asm.CurrentFrame                                                  : loaded 2 times (x 73B)
Class org.objectweb.asm.ClassTooLargeException                                        : loaded 2 times (x 83B)
Class com.google.common.base.CharMatcher                                              : loaded 2 times (x 111B)
Class com.google.common.collect.PeekingIterator                                       : loaded 2 times (x 70B)
Class org.gradle.internal.time.Time                                                   : loaded 2 times (x 71B)
Class com.google.common.base.Joiner$2                                                 : loaded 2 times (x 79B)
Class org.objectweb.asm.Frame                                                         : loaded 2 times (x 73B)
Class org.objectweb.asm.MethodVisitor                                                 : loaded 2 times (x 105B)
Class com.google.common.cache.LocalCache$EntryFactory$1                               : loaded 2 times (x 83B)
Class [Lcom.google.common.cache.RemovalListener;                                      : loaded 2 times (x 69B)
Class com.google.common.base.CharMatcher$NamedFastMatcher                             : loaded 2 times (x 112B)
Class com.google.common.base.CharMatcher$1                                            : loaded 2 times (x 113B)
Class com.google.common.cache.LocalCache$EntryFactory$2                               : loaded 2 times (x 83B)
Class org.jetbrains.plugins.gradle.model.DependencyAccessorsModel                     : loaded 2 times (x 70B)
Class org.gradle.api.internal.classpath.GlobalCacheRootsProvider                      : loaded 2 times (x 70B)
Class org.objectweb.asm.ModuleWriter                                                  : loaded 2 times (x 82B)
Class com.google.common.cache.LocalCache$EntryFactory$3                               : loaded 2 times (x 83B)
Class com.google.common.base.Ticker$1                                                 : loaded 2 times (x 72B)
Class com.google.common.collect.Maps$BiMapConverter                                   : loaded 2 times (x 90B)
Class com.google.common.collect.ImmutableMapEntrySet$RegularEntrySet                  : loaded 2 times (x 152B)
Class org.jetbrains.kotlin.idea.gradleTooling.KotlinMPPGradleModel                    : loaded 2 times (x 70B)
Class org.gradle.tooling.model.BuildIdentifier                                        : loaded 2 times (x 70B)
Class com.google.common.cache.LocalCache$EntryFactory$4                               : loaded 2 times (x 83B)
Class com.google.common.base.CharMatcher$InRange                                      : loaded 2 times (x 111B)
Class com.google.common.collect.ImmutableSet$Builder                                  : loaded 2 times (x 85B)
Class org.jetbrains.kotlin.idea.gradleTooling.PrepareKotlinIdeImportTaskModel         : loaded 2 times (x 70B)
Class com.google.common.cache.LocalCache$EntryFactory$5                               : loaded 2 times (x 83B)
Class com.google.common.cache.LocalCache$EntryFactory$6                               : loaded 2 times (x 83B)
Class Build_gradle                                                                    : loaded 2 times (x 72B)
Class org.gradle.internal.time.Timer                                                  : loaded 2 times (x 70B)
Class kotlin.jvm.internal.markers.KMappedMarker                                       : loaded 2 times (x 70B)
Class org.gradle.internal.installation.CurrentGradleInstallationLocator               : loaded 2 times (x 71B)
Class com.google.common.cache.LocalCache$EntryFactory$7                               : loaded 2 times (x 83B)
Class com.google.common.collect.ImmutableSet$EmptySetBuilderImpl                      : loaded 2 times (x 76B)
Class com.google.common.collect.ImmutableList                                         : loaded 2 times (x 206B)
Class org.gradle.internal.service.DefaultServiceLocator                               : loaded 2 times (x 83B)
Class com.google.common.cache.LocalCache$EntryFactory$8                               : loaded 2 times (x 83B)
Class com.google.common.collect.ImmutableSet$SetBuilderImpl                           : loaded 2 times (x 76B)
Class jdk.internal.jrtfs.JrtDirectoryStream                                           : loaded 2 times (x 89B)
Class org.gradle.util.GradleVersion                                                   : loaded 2 times (x 79B)
Class org.gradle.internal.installation.CurrentGradleInstallation                      : loaded 2 times (x 73B)
Class com.google.common.cache.CacheLoader$1                                           : loaded 2 times (x 75B)
Class com.google.common.collect.ImmutableList$SubList                                 : loaded 2 times (x 209B)
Class org.jetbrains.plugins.gradle.javaModel.JavaGradleManifestModel                  : loaded 2 times (x 70B)
Class org.gradle.util.internal.GUtil                                                  : loaded 2 times (x 71B)
Class com.google.common.util.concurrent.AbstractFuture$SetFuture                      : loaded 2 times (x 75B)
Class com.google.common.cache.AbstractCache$StatsCounter                              : loaded 2 times (x 70B)
Class com.google.common.collect.Iterators$MergingIterator                             : loaded 2 times (x 81B)
Class com.google.common.collect.RegularImmutableSet                                   : loaded 2 times (x 149B)
Class org.gradle.internal.installation.GradleInstallation                             : loaded 2 times (x 75B)
Class com.google.common.collect.Iterables                                             : loaded 2 times (x 71B)
Class jdk.internal.jimage.decompressor.ResourceDecompressor$StringsProvider           : loaded 2 times (x 70B)

---------------  S Y S T E M  ---------------

OS:
 Windows 11 , 64 bit Build 26100 (10.0.26100.7019)
OS uptime: 3 days 11:58 hours
Hyper-V role detected

CPU: total 12 (initial active 12) (12 cores per cpu, 2 threads per core) family 23 model 104 stepping 1 microcode 0x8608108, cx8, cmov, fxsr, ht, mmx, 3dnowpref, sse, sse2, sse3, ssse3, sse4a, sse4.1, sse4.2, popcnt, lzcnt, tsc, tscinvbit, avx, avx2, aes, clmul, bmi1, bmi2, adx, sha, fma, vzeroupper, clflush, clflushopt, hv, rdtscp, rdpid, f16c
Processor Information for processor 0
  Max Mhz: 2100, Current Mhz: 1988, Mhz Limit: 2100
Processor Information for processor 1
  Max Mhz: 2100, Current Mhz: 2100, Mhz Limit: 2100
Processor Information for processor 2
  Max Mhz: 2100, Current Mhz: 2100, Mhz Limit: 2100
Processor Information for processor 3
  Max Mhz: 2100, Current Mhz: 2100, Mhz Limit: 2100
Processor Information for processor 4
  Max Mhz: 2100, Current Mhz: 2100, Mhz Limit: 2100
Processor Information for processor 5
  Max Mhz: 2100, Current Mhz: 1988, Mhz Limit: 2100
Processor Information for processor 6
  Max Mhz: 2100, Current Mhz: 2100, Mhz Limit: 2100
Processor Information for processor 7
  Max Mhz: 2100, Current Mhz: 2100, Mhz Limit: 2100
Processor Information for processor 8
  Max Mhz: 2100, Current Mhz: 2100, Mhz Limit: 2100
Processor Information for processor 9
  Max Mhz: 2100, Current Mhz: 2100, Mhz Limit: 2100
Processor Information for processor 10
  Max Mhz: 2100, Current Mhz: 2100, Mhz Limit: 2100
Processor Information for processor 11
  Max Mhz: 2100, Current Mhz: 2100, Mhz Limit: 2100

Memory: 4k page, system-wide physical 7501M (667M free)
TotalPageFile size 22991M (AvailPageFile size 2M)
current process WorkingSet (physical memory assigned to process): 698M, peak: 699M
current process commit charge ("private bytes"): 741M, peak: 743M

vm_info: OpenJDK 64-Bit Server VM (21.0.8+-14018985-b1038.68) for windows-amd64 JRE (21.0.8+-14018985-b1038.68), built on 2025-08-29T19:56:34Z by "builder" with MS VC++ 16.10 / 16.11 (VS2019)

END.
